LINHA,TIPO_EMBARCACAO,MAT_CASCO,COMPRIMENTO,BOCA,CALADO,PONTAL,POTENCIA,VELOCIDADE,NUM_PROP,TPB,DESLOC_LEVE,NUM_GERADORES,CAP_PASSAGEIROS,CAP_CARGA,TRIPULANTES,DURACAO_VIAGEM,CONSUMO_COMBUSTIVEL
BELEM - PONTA DE PEDRAS,LANCHA,ACO NAVAL,30.0,6.5,2.2,3.1,500,25,1,21,6,1,220,0,5,2.15,90.0
BELEM - CURRALINHO,PASSAGEIRO/CARGA GERAL,MADEIRA,34.0,8.4,2.2,3.0,600,16,2,109,21,2,280,143,5,10.0,150.0
MANAUS - TERRA NOVA,LANCHA,ALUMINIO,17.95,3.0,0.8,1.1,250,25,1,35,7,1,60,0,2,1.5,200.0
MANAUS - MANAQUIRI,LANCHA,ALUMINIO,19.0,4.8,1.6,2.7,600,35,1,35,7,1,48,0,2,1.0,155.0
BELEM - BARCARENA,LANCHA,ALUMINIO,22.9,4.6,1.0,1.4,450,18,2,35,7,2,120,0,3,0.45,60.0
BELEM - BARCARENA,PASSAGEIRO,MADEIRA,21.0,4.1,1.2,1.2,190,12,1,29,7,1,108,55,3,1.0,60.0
BELEM - BARCARENA,PASSAGEIRO,ALUMINIO,21.6,3.8,1.0,1.9,410,21,1,27,6,1,70,0,3,0.45,70.0
BELEM - BARCARENA,LANCHA,ALUMINIO,24.0,2.807,0.7,1.0,215,22,1,35,7,0,90,0,3,0.45,45.0
BELEM - BARCARENA,LANCHA,ALUMINIO,17.0,3.45,1.2,1.9,215,22,1,35,7,0,88,0,3,0.45,70.0
BELEM - BARCARENA,LANCHA,ALUMINIO,22.0,3.45,1.2,1.6,550,24,1,35,7,1,102,0,3,0.45,75.0
BELEM - BARCARENA,LANCHA,ALUMINIO,17.0,3.45,1.2,1.9,215,22,1,35,7,0,100,0,3,0.45,70.0
BELEM - BARCARENA,LANCHA,ACO NAVAL,17.6,3.6,1.4,2.3,410,15,1,21,6,4,91,0,3,1.0,75.0
BELEM - BARCARENA,PASSAGEIRO,MADEIRA,18.78,4.8,0.66,1.0,240,13,2,29,7,2,115,0,3,1.3,70.0
BELEM - BARCARENA,LANCHA,ALUMINIO,20.0,4.1,1.2,1.4,190,12,1,35,7,1,112,0,3,1.3,70.0
BELEM - ARAPARI,PASSAGEIRO/CARGA GERAL,ACO NAVAL,39.0,9.5,1.8,3.0,800,16,1,330,64,1,650,476,4,1.0,70.0
BELEM - ARAPARI,LANCHA,ALUMINIO,32.0,6.3,1.6,2.4,420,13,2,35,7,1,306,0,4,0.45,20.0
BELEM - CAFEZAL,LANCHA,ALUMINIO,19.0,5.4,1.2,1.6,410,29,1,35,7,1,140,0,3,1.0,80.0
MANAUS - NOVA OLINDA,PASSAGEIRO/CARGA GERAL,MADEIRA,29.0,7.3,1.8,2.2,480,12,2,109,21,2,159,100,5,12.0,500.0
MANAUS - JANAUCA,PASSAGEIRO,ALUMINIO,18.0,8.0,1.0,1.8,170,12,2,27,6,1,55,35,2,1.3,250.0
MANAUS - BORBA,PASSAGEIRO/CARGA GERAL,MADEIRA,24.1,6.18,1.4,1.9,270,11,1,109,21,2,93,32,5,23.0,700.0
MANAUS - NOVA OLINDA,LANCHA,ALUMINIO,23.4,4.2,0.8,2.0,600,30,2,35,7,1,88,0,3,4.5,500.0
MANAUS - MANAQUIRI,LANCHA,ALUMINIO,17.0,3.0,1.0,1.3,477,30,1,35,7,1,57,0,2,2.0,220.0
MANAUS - ANORI,LANCHA,ALUMINIO,20.0,3.5,1.0,3.0,464,30,1,35,7,1,48,0,3,8.0,500.0
MANAUS - NOVA OLINDA,PASSAGEIRO/CARGA GERAL,MADEIRA,34.4,8.2,2.25,2.8,600,18,2,109,21,2,178,130,5,12.0,700.0
MANAUS - MANAQUIRI,LANCHA,ALUMINIO,20.0,3.0,1.0,1.4,600,25,1,35,7,1,63,0,4,2.0,280.0
MANAUS - PARINTINS,LANCHA,ALUMINIO,16.0,3.0,1.0,1.4,477,30,1,35,7,1,52,0,4,8.0,600.0
MANAUS - MANAQUIRI,LANCHA,ALUMINIO,20.0,3.2,1.2,1.8,600,26,1,35,7,1,30,0,2,2.0,180.0
MANAUS - MANAQUIRI,LANCHA,ALUMINIO,18.6,3.0,1.0,1.4,350,21,1,35,7,1,77,0,3,2.0,280.0
MANAUS - NOVO ARIPUANA,PASSAGEIRO/CARGA GERAL,ACO NAVAL,41.5,8.5,1.19,1.65,360,12,1,330,64,2,93,173,6,9.0,400.0
MANAUS - MANAQUIRI,PASSAGEIRO/CARGA GERAL,MADEIRA,20.0,5.5,1.5,2.0,315,10,1,109,21,1,80,85,4,5.0,225.0
MANAUS - MANAQUIRI,PASSAGEIRO/CARGA GERAL,MADEIRA,10.0,3.0,1.5,2.0,130,30,1,109,21,0,38,0,2,2.0,220.0
MANAUS - MANAQUIRI,PASSAGEIRO/CARGA GERAL,MADEIRA,19.0,5.3,1.8,2.8,200,10,2,109,21,2,65,25,3,7.0,300.0
MANAUS - BELA VISTA,PASSAGEIRO/CARGA GERAL,MADEIRA,18.5,5.0,1.4,2.1,140,12,1,109,21,1,10,65,3,12.0,700.0
MANAUS - NOVO REMANSO,PASSAGEIRO/CARGA GERAL,MADEIRA,23.0,4.0,2.0,2.9,200,12,2,109,21,2,100,400,3,6.0,350.0
MANAUS - NOVO AIRAO,CHATA,MADEIRA,26.0,7.2,2.1,2.35,480,14,1,35,6,1,96,45,5,9.0,600.0
MANAUS - CAREIRO DA VARZEA,PASSAGEIRO/CARGA GERAL,MADEIRA,20.0,5.0,1.2,1.9,313,12,1,109,21,1,60,60,3,2.0,150.0
MANAUS - NOVO ARIPUANA,PASSAGEIRO/CARGA GERAL,MADEIRA,26.2,6.41,1.6,2.25,550,12,1,109,21,1,100,60,2,9.0,500.0
MANAUS - BERURI,PASSAGEIRO/CARGA GERAL,MADEIRA,22.0,5.0,1.8,2.8,210,13,2,109,21,2,55,60,3,18.0,700.0
MANAUS - CAAPIRANGA,PASSAGEIRO/CARGA GERAL,MADEIRA,20.0,7.0,1.2,1.9,160,12,1,109,21,1,64,35,3,12.0,400.0
MANAUS - NOVO AIRAO,PASSAGEIRO/CARGA GERAL,MADEIRA,25.0,7.0,1.8,1.9,360,13,2,109,21,3,134,90,4,8.0,400.0
MANAUS - RIO PRETO DA EVA,PASSAGEIRO/CARGA GERAL,MADEIRA,22.8,5.8,1.8,2.3,200,13,1,109,21,2,96,70,3,9.0,400.0
MANAUS - PURUPURU,LANCHA,ALUMINIO,17.0,3.1,1.2,2.0,550,28,2,35,7,1,59,0,2,3.0,300.0
MANAUS - CAREIRO DA VARZEA,LANCHA,ALUMINIO,18.0,4.0,1.2,1.5,450,20,1,35,7,2,66,0,4,2.0,125.0
MANAUS - TABOCAL,LANCHA,ALUMINIO,17.2,3.85,1.0,1.3,250,25,1,35,7,1,70,0,2,2.0,150.0
MANAUS - NOVO ARIPUANA,PASSAGEIRO/CARGA GERAL,MADEIRA,10.0,3.0,1.5,2.0,130,12,1,109,21,0,42,0,2,9.0,500.0
MANAUS - JANAUCA,PASSAGEIRO,ALUMINIO,18.0,3.6,1.3,1.6,215,14,2,27,6,1,85,40,2,2.0,200.0
MANAUS - LAGOA DO REI,LANCHA,ALUMINIO,15.6,3.0,1.2,1.6,290,20,2,35,7,1,50,0,3,4.0,200.0
MANAUS - MANACAPURU,PASSAGEIRO/CARGA GERAL,MADEIRA,24.0,6.0,1.9,2.4,190,16,1,109,21,1,80,56,3,2.0,200.0
MANAUS - CAREIRO DA VARZEA,LANCHA,ALUMINIO,16.0,6.0,0.9,1.2,400,30,1,35,7,1,56,0,1,1.0,200.0
MANAUS - CAREIRO DA VARZEA,PASSAGEIRO,ALUMINIO,17.0,3.0,1.1,1.6,250,15,1,27,6,1,60,30,2,2.0,200.0
MANAUS - JANAUCA,PASSAGEIRO/CARGA GERAL,MADEIRA,40.0,10.0,2.8,3.6,200,15,2,109,21,2,80,40,4,3.0,250.0
MANAUS - PARANA DA EVA,LANCHA,ALUMINIO,21.1,3.1,1.0,1.2,552,15,2,35,7,0,64,0,2,3.0,150.0
MANAUS - PARANA DA EVA,PASSAGEIRO/CARGA GERAL,MADEIRA,24.0,6.0,2.15,2.8,315,15,3,109,21,2,88,34,3,8.0,400.0
MANAUS - AUTAZES,PASSAGEIRO/CARGA GERAL,MADEIRA,22.7,6.1,1.8,2.6,160,10,1,109,21,2,67,40,3,8.0,200.0
MANAUS - JUMA,PASSAGEIRO/CARGA GERAL,MADEIRA,20.0,5.5,1.5,2.1,160,12,2,109,21,1,65,35,4,13.0,400.0
MANAUS - NOVO AIRAO,CHATA,MADEIRA,25.5,7.6,1.82,2.15,460,14,1,35,6,1,121,60,3,9.0,700.0
MANAUS - CAAPIRANGA,PASSAGEIRO/CARGA GERAL,MADEIRA,23.0,5.5,1.5,2.5,160,12,1,109,21,1,40,40,3,13.0,350.0
MANAUS - CURARI,PASSAGEIRO/CARGA GERAL,MADEIRA,16.0,4.5,1.2,1.9,114,12,1,109,21,1,32,16,2,2.3,180.0
MANAUS - MAMORI,PASSAGEIRO/CARGA GERAL,MADEIRA,19.0,5.0,1.3,2.0,140,15,2,109,21,1,50,25,3,7.0,420.0
MANAUS - ITACOATIARA,PASSAGEIRO/CARGA GERAL,MADEIRA,22.15,6.3,1.5,2.3,306,12,1,109,21,2,95,80,5,18.0,550.0
MANAUS - RIO PRETO DA EVA,PASSAGEIRO/CARGA GERAL,MADEIRA,20.0,6.0,1.3,2.1,250,10,2,109,21,1,60,70,5,10.0,500.0
MANAUS - CAAPIRANGA,PASSAGEIRO/CARGA GERAL,MADEIRA,21.5,6.75,1.5,2.2,250,12,2,109,21,1,40,30,4,15.0,400.0
OBIDOS - MANAUS,FERRY BOAT,ACO NAVAL,58.0,13.0,1.15,2.9,1200,14,2,528,98,2,330,890,10,40.0,350.0
MANAUS - URICURITUBA,PASSAGEIRO/CARGA GERAL,MADEIRA,24.0,7.0,1.0,1.7,190,10,3,109,21,3,85,95,4,9.0,610.0
SANTAREM - INALU,PASSAGEIRO/CARGA GERAL,MADEIRA,17.6,4.2,1.8,1.8,612,15,1,109,21,1,60,19,2,6.0,180.0
SANTAREM - LAGO GRANDE,PASSAGEIRO/CARGA GERAL,MADEIRA,18.0,4.3,1.0,3.0,114,17,1,109,21,3,40,12,3,6.0,60.0
SANTAREM - AVEIRO,PASSAGEIRO/CARGA GERAL,MADEIRA,27.5,6.0,1.8,2.0,373,20,1,109,21,2,100,85,4,14.0,600.0
SANTAREM - CURUA,PASSAGEIRO/CARGA GERAL,MADEIRA,12.0,3.6,1.2,2.3,114,15,1,109,21,1,37,12,2,4.0,80.0
SANTAREM - SURUACA,PASSAGEIRO/CARGA GERAL,MADEIRA,19.5,4.5,1.0,1.9,114,30,1,109,21,1,53,22,3,6.0,220.0
SANTAREM - ITAITUBA,PASSAGEIRO/CARGA GERAL,MADEIRA,21.0,5.8,1.6,2.6,160,17,1,109,21,2,77,30,4,11.0,500.0
SANTAREM-  CURICACA,PASSAGEIRO/CARGA GERAL,MADEIRA,19.0,4.6,1.2,2.0,114,17,2,109,21,2,45,18,3,8.0,60.0
SANTAREM - PRAINHA,PASSAGEIRO/CARGA GERAL,MADEIRA,24.0,6.0,1.9,2.75,315,13,1,109,21,2,82,120,4,7.0,450.0
SANTAREM - CURUA,PASSAGEIRO/CARGA GERAL,MADEIRA,21.8,5.6,1.1,1.8,200,10,2,109,21,2,80,50,4,7.0,150.0
SANTAREM - SANTANA DO TAPARA,LANCHA,ALUMINIO,12.0,2.4,1.0,1.8,481,20,1,35,7,0,35,0,1,2.0,87.0
SANTAREM-  CURICACA,PASSAGEIRO/CARGA GERAL,MADEIRA,23.6,3.7,1.6,2.0,160,25,1,109,21,1,66,14,3,8.0,100.0
SANTAREM - SANTANA DO TAPARA,PASSAGEIRO/CARGA GERAL,MADEIRA,21.7,5.5,1.7,2.0,200,10,1,109,21,2,89,60,4,3.0,150.0
SANTAREM - LAGO GRANDE,PASSAGEIRO/CARGA GERAL,MADEIRA,18.3,3.75,1.2,1.7,160,15,1,109,21,0,40,10,2,6.0,80.0
SANTAREM - SURUACA,PASSAGEIRO/CARGA GERAL,MADEIRA,17.75,4.42,1.0,1.33,750,15,1,109,21,1,36,20,5,6.0,220.0
BELEM - SANTA CRUZ DO ARIRI,PASSAGEIRO/CARGA GERAL,MADEIRA,20.0,4.2,1.8,2.5,200,17,2,109,21,2,40,50,4,5.0,250.0
BELEM - SANTA CRUZ DO ARIRI,LANCHA,MADEIRA,22.0,5.1,1.5,1.9,375,20,1,28,5,2,81,55,4,6.0,300.0
BELEM - CACHOEIRA DO ARARI,PASSAGEIRO/CARGA GERAL,MADEIRA,27.0,6.5,1.8,3.0,420,11,1,109,21,1,231,80,4,6.0,200.0
BELEM - CACHOEIRA DO ARARI,LANCHA,ALUMINIO,19.92,4.0,0.75,1.35,580,20,2,35,7,1,95,11,4,1.4,100.0
BELEM - CACHOEIRA DO ARARI,PASSAGEIRO/CARGA GERAL,MADEIRA,13.0,4.0,1.5,2.5,280,15,2,109,21,1,98,138,4,6.0,350.0
BELEM - CACHOEIRA DO ARARI,LANCHA,ALUMINIO,20.0,3.5,0.57,1.6,800,21,2,35,7,1,90,11,4,2.3,200.0
BELEM - PONTA DE PEDRAS,PASSAGEIRO/CARGA GERAL,MADEIRA,23.5,5.6,1.4,1.75,470,17,1,109,21,1,176,100,5,3.0,220.0
BELEM - PONTA DE PEDRAS,PASSAGEIRO/CARGA GERAL,MADEIRA,26.28,8.9,2.2,2.5,420,20,1,109,21,1,205,151,4,3.0,200.0
BELEM - CHAVES,OUTRO,MADEIRA,20.8,4.85,1.5,1.8,180,10,1,49,8,1,15,45,3,15.0,350.0
BELEM - SANTA CRUZ DO ARIRI,LANCHA,ALUMINIO,20.0,3.75,0.6,1.25,448,20,2,35,7,0,105,0,3,5.0,350.0
BELEM - SANTA CRUZ DO ARIRI,PASSAGEIRO/CARGA GERAL,MADEIRA,23.27,5.2,1.7,1.8,375,17,3,109,21,2,72,47,5,5.0,350.0
BELEM - SANTA CRUZ DO ARIRI,PASSAGEIRO/CARGA GERAL,MADEIRA,23.0,5.25,1.8,1.9,180,26,1,109,21,1,90,110,4,6.0,200.0
BELEM - CACHOEIRA DO ARARI,PASSAGEIRO/CARGA GERAL,MADEIRA,16.0,4.5,2.0,4.0,280,12,2,109,21,1,98,98,4,6.0,300.0
BELEM - PONTA DE PEDRAS,PASSAGEIRO,ALUMINIO,24.0,3.0,1.2,1.2,300,20,2,27,6,0,99,0,3,2.3,120.0
BELEM - SANTA CRUZ DO ARIRI,PASSAGEIRO/CARGA GERAL,MADEIRA,21.0,5.0,1.5,2.2,190,20,1,109,21,2,60,15,4,4.0,250.0
VITORIA DO XINGU - ALMEIRIM,PASSAGEIRO/CARGA GERAL,MADEIRA,19.0,5.0,1.5,1.8,270,10,1,109,21,2,60,40,5,14.0,400.0
MACAPA - BAILIQUE,PASSAGEIRO/CARGA GERAL,MADEIRA,17.8,4.7,0.7,1.5,180,11,1,109,21,1,35,52,4,11.0,170.0
MACAPA - BAILIQUE,PASSAGEIRO/CARGA GERAL,MADEIRA,21.0,4.0,0.9,1.4,130,10,1,109,21,1,40,28,4,16.0,250.0
MACAPA - BAILIQUE,PASSAGEIRO/CARGA GERAL,MADEIRA,19.0,4.5,1.0,1.8,240,14,1,109,21,2,60,12,3,12.0,220.0
MACAPA - BAILIQUE,PASSAGEIRO/CARGA GERAL,MADEIRA,20.0,5.2,1.7,2.3,280,14,1,109,21,1,100,88,4,12.0,225.0
MACAPA - BAILIQUE,PASSAGEIRO/CARGA GERAL,MADEIRA,16.5,4.3,0.7,1.17,114,8,1,109,21,1,35,90,3,8.0,140.0
MACAPA - BAILIQUE,PASSAGEIRO/CARGA GERAL,MADEIRA,18.0,4.0,1.0,1.3,690,15,1,109,21,1,30,8,3,12.0,140.0
MACAPA - BAILIQUE,PASSAGEIRO/CARGA GERAL,MADEIRA,27.0,6.3,1.2,1.9,315,13,1,109,21,2,88,90,4,12.0,300.0
MACAPA - BAILIQUE,PASSAGEIRO/CARGA GERAL,MADEIRA,15.0,3.4,1.5,1.8,230,30,1,109,21,1,30,5,3,9.0,300.0
MACAPA - BAILIQUE,PASSAGEIRO/CARGA GERAL,MADEIRA,23.37,5.8,1.55,1.83,180,17,1,109,21,1,100,70,7,12.0,300.0
MACAPA - ANAJAS,PASSAGEIRO/CARGA GERAL,MADEIRA,25.0,6.3,1.8,2.4,367,12,1,109,21,1,99,100,4,17.0,450.0
MACAPA - BAILIQUE,PASSAGEIRO/CARGA GERAL,MADEIRA,22.0,6.0,1.5,1.8,180,11,1,109,21,2,86,60,5,12.0,300.0
MACAPA - CHAVES,PASSAGEIRO/CARGA GERAL,MADEIRA,23.0,4.6,1.5,2.0,190,15,3,109,21,2,88,81,4,6.0,300.0
MACAPA - ANAJAS,PASSAGEIRO/CARGA GERAL,MADEIRA,27.0,6.8,1.2,2.1,315,15,2,109,21,2,140,120,5,14.0,600.0
MACAPA - CHAVES,PASSAGEIRO/CARGA GERAL,MADEIRA,24.0,6.8,1.7,1.9,190,15,1,109,21,1,105,80,5,6.0,250.0
MACAPA - AFUA,PASSAGEIRO/CARGA GERAL,MADEIRA,25.0,6.3,1.5,2.0,180,18,1,109,21,2,86,100,4,5.0,400.0
MACAPA - BAILIQUE,PASSAGEIRO/CARGA GERAL,ACO NAVAL,30.0,5.0,1.3,1.8,470,12,1,330,64,1,120,80,4,14.0,300.0
MACAPA - BAILIQUE,PASSAGEIRO,MADEIRA,21.0,4.3,1.0,1.5,135,14,1,29,7,1,40,60,3,12.0,250.0
MACAPA - BAILIQUE,PASSAGEIRO/CARGA GERAL,MADEIRA,22.0,5.8,1.8,2.2,270,10,1,109,21,2,57,35,4,12.0,250.0
MACAPA - BAILIQUE,PASSAGEIRO/CARGA GERAL,ACO NAVAL,23.4,6.65,1.55,2.5,270,25,1,330,64,2,123,80,3,12.0,250.0
MACAPA - BAILIQUE,PASSAGEIRO/CARGA GERAL,MADEIRA,21.0,5.2,0.75,1.15,290,13,1,109,21,1,47,35,3,12.0,300.0
MACAPA - BAILIQUE,PASSAGEIRO/CARGA GERAL,MADEIRA,21.8,5.3,1.1,1.85,149,9,1,109,21,1,55,48,3,12.0,250.0
BELEM - ACARA NOVO,PASSAGEIRO,MADEIRA,8.0,2.5,1.0,1.2,113,10,1,29,7,1,10,0,2,3.0,10.0
BELEM - ACARA NOVO,PASSAGEIRO,MADEIRA,10.0,2.5,0.8,1.0,350,12,1,29,7,0,10,0,2,2.3,12.0
SANTAREM - SANTANA DO TAPARA,FERRY BOAT,ACO NAVAL,62.5,14.0,1.9,1.9,600,10,2,528,98,0,423,800,4,3.0,130.0
BELEM - MUANA,PASSAGEIRO/CARGA GERAL,MADEIRA,16.7,3.8,1.0,1.4,110,8,1,109,21,1,10,17,3,10.0,200.0
BELEM - CHAVES,PASSAGEIRO/CARGA GERAL,MADEIRA,16.0,3.8,1.0,1.5,114,12,1,109,21,1,12,10,3,18.0,350.0
BELEM - CHAVES,PASSAGEIRO/CARGA GERAL,MADEIRA,15.0,13.35,1.6,1.6,114,10,1,109,21,1,30,0,3,15.0,250.0
BELEM - CACHOEIRA DO ARARI,PASSAGEIRO/CARGA GERAL,MADEIRA,21.0,4.3,1.3,1.7,290,15,1,109,21,1,40,80,4,6.0,150.0
SANTANA - LARANJAL  DO JARI,PASSAGEIRO/CARGA GERAL,MADEIRA,28.0,6.8,1.65,2.15,440,12,2,109,21,2,151,80,5,24.0,600.0
SANTANA - BREVES,FERRY BOAT,ACO NAVAL,27.1,7.04,1.2,1.45,600,12,1,528,98,2,160,80,4,12.0,700.0
SANTANA - GURUPA,PASSAGEIRO/CARGA GERAL,MADEIRA,21.0,4.8,1.0,1.45,180,14,2,109,21,2,50,30,6,7.0,250.0
ICOARACI - CAMARA,FERRY BOAT,ACO NAVAL,63.0,12.0,1.2,1.6,420,12,2,528,98,2,436,300,6,2.3,400.0
ICOARACI - PONTA DE PEDRAS,FERRY BOAT,ACO NAVAL,35.0,11.0,1.8,2.1,350,10,2,528,98,2,179,108,4,4.0,300.0
ICOARACI - CAMARA,FERRY BOAT,ACO NAVAL,66.0,12.0,2.2,4.75,700,11,2,528,98,2,446,790,6,2.3,600.0
MANAUS - PARINTINS,LANCHA,ACO NAVAL,21.1,3.1,1.0,1.2,552,15,2,21,6,0,70,0,4,8.0,400.0
MANAUS - PARINTINS,LANCHA,ACO NAVAL,10.0,3.0,1.5,2.0,130,18,1,21,6,0,44,0,3,8.0,400.0
MANAUS - URUCARA,PASSAGEIRO/CARGA GERAL,MADEIRA,26.0,7.0,1.8,2.5,420,16,3,109,21,2,105,120,6,12.0,250.0
MANAUS - CACAU PEREIRA,PASSAGEIRO,ALUMINIO,13.51,2.6,1.5,1.9,294,15,1,27,6,2,40,10,1,0.3,10.0
MANAUS - ANORI,PASSAGEIRO/CARGA GERAL,MADEIRA,25.0,6.0,2.5,2.8,350,12,1,109,21,2,80,40,3,20.0,400.0
TEFE - MARAA,CHATA,ACO NAVAL,30.0,8.0,1.35,1.7,280,18,1,30,5,1,215,60,7,22.0,600.0
TEFE - UARINI,PASSAGEIRO/CARGA GERAL,MADEIRA,23.0,6.0,1.6,1.8,100,12,1,109,21,1,12,50,3,6.0,120.0
TEFE - MARAA,PASSAGEIRO/CARGA GERAL,ACO NAVAL,27.0,6.5,1.6,2.0,170,16,1,330,64,1,140,83,6,22.0,600.0
VITORIA DO XINGU - PORTO DE MOZ,LANCHA,ALUMINIO,21.0,3.6,1.0,1.7,410,15,1,35,7,0,80,0,3,3.0,250.0
VITORIA DO XINGU - PORTO DE MOZ,LANCHA,ALUMINIO,24.0,7.0,1.4,1.8,400,20,1,35,7,1,72,0,5,3.0,300.0
MANICORE - NOVO ARIPUANA,PASSAGEIRO/CARGA GERAL,ACO NAVAL,41.02,9.0,2.06,2.6,600,18,1,330,64,2,303,120,7,8.0,700.0
SANTANA - LARANJAL  DO JARI,PASSAGEIRO/CARGA GERAL,MADEIRA,25.7,6.2,1.57,2.0,270,40,2,109,21,2,145,80,6,26.0,700.0
SANTANA - LARANJAL  DO JARI,PASSAGEIRO/CARGA GERAL,MADEIRA,26.0,7.0,1.6,2.0,290,18,1,109,21,1,90,120,4,18.0,600.0
SANTANA - GURUPA,PASSAGEIRO/CARGA GERAL,MADEIRA,22.0,5.0,1.5,1.8,180,15,1,109,21,1,70,49,4,12.0,400.0
SANTAREM - JURUTI,PASSAGEIRO/CARGA GERAL,MADEIRA,26.0,6.0,1.8,2.25,313,10,1,109,21,1,100,44,7,12.0,600.0
SANTAREM - SANTANA DO TAPARA,LANCHA,ALUMINIO,22.0,3.0,1.0,1.9,450,26,1,35,7,1,52,0,3,3.0,90.0
SANTAREM - ALENQUER,LANCHA,ALUMINIO,24.0,3.65,0.8,1.65,600,24,1,35,7,1,94,0,3,2.0,160.0
SANTAREM - MONTE ALEGRE,LANCHA,ALUMINIO,25.4,2.7,1.0,1.2,2477,26,1,35,7,1,99,0,3,3.0,450.0
MACAPA - CHAVES,PASSAGEIRO/CARGA GERAL,MADEIRA,19.0,4.2,1.5,3.0,135,18,1,109,21,1,45,35,3,7.0,150.0
BELEM - ARAPARI,PASSAGEIRO/CARGA GERAL,ACO NAVAL,34.0,6.0,1.5,2.2,550,14,1,330,64,1,410,0,4,0.5,23.0
MAUES - RIO PARACUNI,PASSAGEIRO/CARGA GERAL,MADEIRA,20.0,6.0,1.8,2.1,240,15,3,109,21,2,75,60,4,10.0,155.0
BELEM - LIMOEIRO DO AJURU,LANCHA,ALUMINIO,23.8,4.0,1.0,1.66,335,18,1,35,7,1,95,0,3,4.0,275.0
BELEM - SAO SEBASTIAO DA BOA VISTA,PASSAGEIRO/CARGA GERAL,ACO NAVAL,34.0,7.5,1.6,1.8,600,12,1,330,64,2,261,300,4,8.0,700.0
BELEM - MUANA,PASSAGEIRO/CARGA GERAL,ACO NAVAL,41.0,9.0,2.5,4.0,975,16,1,330,64,2,339,140,7,5.0,500.0
BELEM - MUANA,FERRY BOAT,ACO NAVAL,41.0,9.0,1.8,2.0,420,12,2,528,98,2,315,298,4,5.0,500.0
SANTAREM - CACHOEIRA DO ARUA,PASSAGEIRO/CARGA GERAL,MADEIRA,18.0,4.3,1.0,1.25,160,14,1,109,21,1,45,18,3,10.0,400.0
SANTAREM - SAO PEDRO,PASSAGEIRO/CARGA GERAL,MADEIRA,17.2,4.5,1.2,1.3,125,20,1,109,21,1,45,18,3,5.0,125.0
SANTAREM - CACHOEIRA DO ARUA,PASSAGEIRO/CARGA GERAL,MADEIRA,20.0,9.0,1.2,1.2,156,23,2,109,21,2,45,20,3,8.0,250.0
SANTAREM - ARAPIUNS,PASSAGEIRO/CARGA GERAL,MADEIRA,16.8,4.8,1.2,1.2,156,23,2,109,21,2,77,48,3,8.0,200.0
SANTAREM - ARAPIUNS,PASSAGEIRO/CARGA GERAL,MADEIRA,17.0,3.5,1.1,2.0,160,15,1,109,21,1,25,14,2,8.0,250.0
SANTAREM - CACHOEIRA DO ARUA,PASSAGEIRO/CARGA GERAL,MADEIRA,13.8,3.73,0.6,1.0,156,23,2,109,21,1,40,5,3,10.0,300.0
SANTAREM - ARAPIUNS,PASSAGEIRO/CARGA GERAL,MADEIRA,16.0,4.8,1.2,1.4,610,9,2,109,21,0,45,16,2,10.0,350.0
SANTAREM - ARAPIUNS,PASSAGEIRO/CARGA GERAL,MADEIRA,16.0,2.5,1.0,1.9,300,15,1,109,21,1,40,1,3,10.0,350.0
SANTAREM - GURUPA,PASSAGEIRO/CARGA GERAL,MADEIRA,15.0,4.0,1.0,1.2,114,30,1,109,21,1,35,30,2,7.0,75.0
SANTAREM - CACHOEIRA DO ARUA,PASSAGEIRO/CARGA GERAL,MADEIRA,18.0,3.95,1.0,1.4,160,10,1,109,21,1,45,17,3,10.0,200.0
SANTAREM - ARAPIUNS,PASSAGEIRO/CARGA GERAL,MADEIRA,15.8,4.3,1.2,1.2,200,30,1,109,21,1,30,17,2,10.0,350.0
MUANA - PONTA DE PEDRAS,OUTRO,MADEIRA,14.0,3.0,1.6,0.8,450,12,1,49,8,0,20,10,3,5.0,30.0
BREVES - PORTEL,LANCHA,ALUMINIO,20.0,2.5,0.8,1.0,390,26,2,35,7,1,88,0,3,1.4,130.0
BREVES - PORTEL,LANCHA,ALUMINIO,16.0,2.0,0.8,1.0,477,30,1,35,7,0,40,0,2,1.0,130.0
BREVES - PORTEL,LANCHA,ALUMINIO,18.0,2.0,0.8,1.0,290,28,2,35,7,0,61,0,2,1.4,130.0
BELEM - PONTA DE PEDRAS,OUTRO,MADEIRA,21.0,2.9,1.6,2.0,114,20,1,49,8,1,15,20,3,4.0,70.0
BELEM - MUANA,PASSAGEIRO/CARGA GERAL,ACO NAVAL,38.0,8.0,1.7,2.8,375,17,2,330,64,2,350,180,4,5.0,350.0
BELEM - PONTA DE PEDRAS,OUTRO,MADEIRA,18.0,4.2,2.5,3.2,135,25,1,49,8,1,20,30,3,4.0,75.0
MACAPA - BREVES,PASSAGEIRO/CARGA GERAL,ACO NAVAL,24.0,6.0,1.2,1.6,270,15,2,330,64,5,100,80,4,14.0,700.0
MACAPA - BREVES,PASSAGEIRO/CARGA GERAL,MADEIRA,23.0,5.0,1.21,1.5,240,15,1,109,21,2,55,42,3,10.0,700.0
MACAPA - PORTEL,PASSAGEIRO/CARGA GERAL,MADEIRA,24.0,5.7,1.7,2.1,220,10,2,109,21,2,97,80,4,15.0,600.0
MACAPA - PORTEL,PASSAGEIRO/CARGA GERAL,MADEIRA,24.0,6.24,1.8,2.5,315,12,1,109,21,1,143,50,7,12.0,400.0
SANTAREM - PORTO DE MOZ,LANCHA,ALUMINIO,19.0,3.1,1.0,1.6,475,38,1,35,7,1,65,0,3,10.0,700.0
SANTAREM - ITAITUBA,LANCHA,ALUMINIO,33.0,4.3,1.0,1.6,1200,30,1,35,7,1,112,0,3,3.0,500.0
CURRALINHO - OEIRAS DO PARA,LANCHA,ALUMINIO,10.0,2.7,0.9,1.1,250,20,1,35,7,0,36,0,2,0.25,30.0
CURRALINHO - OEIRAS DO PARA,LANCHA,ALUMINIO,22.0,3.6,0.8,1.4,240,12,1,35,7,1,72,0,2,0.5,50.0
MANAUS - CAREIRO DA VARZEA,LANCHA,ALUMINIO,18.0,3.9,1.2,1.7999999999999998,420,25,1,35,7,0,65,0,2,2.0,150.0
MANAUS - CAREIRO DA VARZEA,PASSAGEIRO/CARGA GERAL,ACO NAVAL,40.75,9.0,1.15,1.5,200,10,1,330,64,2,60,36,3,2.0,250.0
MANAUS - CAREIRO DA VARZEA,LANCHA,ALUMINIO,20.0,3.8,0.8,1.4,420,25,1,35,7,0,60,0,2,2.0,150.0
MANAUS - CAREIRO DA VARZEA,LANCHA,ALUMINIO,17.0,3.6,1.2,1.7999999999999998,460,30,1,35,7,0,60,0,2,2.0,150.0
MANAUS - CAREIRO DA VARZEA,LANCHA,ALUMINIO,19.0,4.3,1.0,1.6,460,30,1,35,7,0,60,0,2,2.0,150.0
MANAUS - CAREIRO DA VARZEA,LANCHA,ALUMINIO,17.0,3.8,1.4,2.0,480,25,1,35,7,0,45,0,2,2.0,150.0
MANAUS - CAREIRO DA VARZEA,LANCHA,ALUMINIO,18.0,4.2,1.3,1.9,460,20,1,35,7,1,60,0,2,2.0,150.0
MANAUS - CAREIRO DA VARZEA,LANCHA,ALUMINIO,19.0,3.8,0.9,1.5,400,28,1,35,7,0,60,0,2,2.0,150.0
MANAUS - CAREIRO DA VARZEA,LANCHA,ALUMINIO,16.0,5.0,0.9,1.3,480,25,1,35,7,0,45,0,2,2.0,150.0
MANAUS - CAREIRO DA VARZEA,LANCHA,ALUMINIO,16.0,4.2,1.3,1.9,390,30,1,35,7,0,60,0,2,2.0,150.0
MANAUS - CAREIRO DA VARZEA,PASSAGEIRO/CARGA GERAL,ACO NAVAL,37.0,7.51,1.02,1.54,250,13,2,330,64,1,80,150,6,2.0,200.0
MANAUS - CAREIRO DA VARZEA,LANCHA,ALUMINIO,18.0,4.2,1.0,1.4,420,22,1,35,7,0,65,0,2,2.0,150.0
MANAUS - CAREIRO DA VARZEA,LANCHA,ALUMINIO,17.0,4.0,0.8,1.4,390,25,1,35,7,0,50,0,2,2.0,150.0
MANAUS - CAREIRO DA VARZEA,LANCHA,ALUMINIO,20.0,5.0,1.1,1.7000000000000002,500,20,1,35,7,0,65,0,2,2.0,150.0
MANAUS - CAREIRO DA VARZEA,LANCHA,ALUMINIO,18.0,5.0,1.2,1.75,420,30,1,35,7,0,50,0,2,2.0,150.0
MANAUS - CAREIRO DA VARZEA,LANCHA,ALUMINIO,18.0,3.8,1.3,1.6,380,28,1,35,7,0,50,0,2,2.0,150.0
MANAUS - CAREIRO DA VARZEA,LANCHA,ALUMINIO,17.0,3.8,1.4,1.9,390,30,1,35,7,0,60,0,2,2.0,150.0
MANAUS - CAREIRO DA VARZEA,LANCHA,ALUMINIO,22.0,4.3,1.15,1.75,480,25,1,35,7,0,55,0,2,2.0,150.0
MANAUS - CAREIRO DA VARZEA,LANCHA,ALUMINIO,18.0,4.1,1.1,1.7000000000000002,420,28,1,35,7,0,60,0,2,2.0,150.0
MANAUS - CAREIRO DA VARZEA,LANCHA,ALUMINIO,20.0,3.8,1.45,2.05,420,30,1,35,7,0,65,0,2,2.0,150.0
MANAUS - CAREIRO DA VARZEA,LANCHA,ALUMINIO,17.0,3.5,0.9,1.5,410,25,1,35,7,0,60,0,2,2.0,150.0
MANAUS - CAREIRO DA VARZEA,LANCHA,ALUMINIO,19.0,4.3,1.0,1.5,390,23,1,35,7,0,60,0,2,2.0,150.0
MANAUS - CAREIRO DA VARZEA,LANCHA,ALUMINIO,20.0,3.7,1.0,1.7,350,26,1,35,7,0,65,0,2,2.0,150.0
MANAUS - CAREIRO DA VARZEA,LANCHA,ALUMINIO,19.0,3.9,1.4,2.0,400,30,1,35,7,0,70,0,2,2.0,150.0
MANAUS - CAREIRO DA VARZEA,LANCHA,ALUMINIO,15.0,3.6,1.5,2.1,460,25,1,35,7,0,50,0,2,2.0,150.0
MANAUS - CAREIRO DA VARZEA,LANCHA,ALUMINIO,20.0,4.1,1.0,1.6,380,30,1,35,7,0,55,0,2,2.0,150.0
MANAUS - CAREIRO DA VARZEA,LANCHA,ALUMINIO,21.0,3.8,1.15,1.8,390,30,1,35,7,0,45,0,2,2.0,150.0
MANAUS - CAREIRO DA VARZEA,LANCHA,ALUMINIO,18.0,3.9,1.0,1.55,500,25,1,35,7,0,45,0,2,2.0,150.0
MANAUS - CAREIRO DA VARZEA,LANCHA,ALUMINIO,20.0,3.6,1.25,1.85,500,30,1,35,7,0,60,0,2,2.0,150.0
MANAUS - CAREIRO DA VARZEA,LANCHA,ALUMINIO,20.0,4.0,1.15,1.75,380,30,1,35,7,0,45,0,2,2.0,150.0
MANAUS - CAREIRO DA VARZEA,LANCHA,ALUMINIO,20.0,4.1,1.2,1.7999999999999998,460,30,1,35,7,0,50,0,2,2.0,150.0
MANAUS - CAREIRO DA VARZEA,LANCHA,ALUMINIO,20.0,4.0,1.0,1.55,500,27,1,35,7,0,60,0,2,2.0,150.0
MANAUS - CAREIRO DA VARZEA,LANCHA,ALUMINIO,20.0,3.8,1.5,2.1,420,25,1,35,7,0,65,0,2,2.0,150.0
BELEM - BOA VISTA DO ACARA,PASSAGEIRO,MADEIRA,12.6,2.8,1.7,2.1,190,10,1,29,7,0,45,8,3,0.3,7.0
BELEM - BOA VISTA DO ACARA,PASSAGEIRO,MADEIRA,13.0,2.6,0.8,1.0,114,10,1,29,7,1,35,10,2,0.3,8.0
BELEM - BOA VISTA DO ACARA,PASSAGEIRO,MADEIRA,17.0,3.6,1.0,1.5,240,10,1,29,7,0,55,10,3,0.3,7.0
BELEM - BOA VISTA DO ACARA,PASSAGEIRO,MADEIRA,14.0,2.0,0.7,1.5,149,10,1,29,7,0,46,10,2,0.3,5.0
BELEM - BOA VISTA DO ACARA,PASSAGEIRO,MADEIRA,14.0,3.0,0.8,1.0,136,10,1,29,7,0,40,8,2,0.4,7.0
BELEM - BOA VISTA DO ACARA,PASSAGEIRO,MADEIRA,12.0,2.65,0.75,1.0,170,12,2,29,7,1,40,8,2,0.3,5.0
BELEM - BOA VISTA DO ACARA,PASSAGEIRO,MADEIRA,15.0,3.4,0.78,1.0,113,10,1,29,7,0,59,15,3,0.3,7.0
TUCURUI - BAIAO,PASSAGEIRO/CARGA GERAL,MADEIRA,18.0,4.0,1.7,2.3,190,17,1,109,21,1,80,40,3,6.0,300.0
MANAUS - BORBA,PASSAGEIRO/CARGA GERAL,MADEIRA,28.0,7.3,2.2,2.8,360,14,1,109,21,2,111,81,7,24.0,700.0
HUMAITA - MANICORE,PASSAGEIRO/CARGA GERAL,MADEIRA,21.9,5.1,1.3,1.85,200,12,1,109,21,1,70,37,4,22.0,500.0
HUMAITA - MANICORE,PASSAGEIRO/CARGA GERAL,MADEIRA,26.0,6.8,2.2,2.45,450,14,1,109,21,1,116,160,6,20.0,600.0
HUMAITA - MANICORE,PASSAGEIRO/CARGA GERAL,MADEIRA,20.7,5.6,1.2,1.68,240,12,1,109,21,2,75,36,4,20.0,500.0
HUMAITA - MANICORE,PASSAGEIRO/CARGA GERAL,MADEIRA,21.4,6.3,1.89,2.01,315,14,1,109,21,2,107,52,7,20.0,600.0
ANAJAS - BREVES,PASSAGEIRO/CARGA GERAL,MADEIRA,27.0,6.65,1.8,2.25,367,13,1,109,21,1,122,129,8,15.0,400.0
ANAJAS - BREVES,PASSAGEIRO/CARGA GERAL,MADEIRA,26.0,6.3,1.9,2.8,290,12,1,109,21,2,90,90,6,15.0,300.0
CAMETA - TUCURUI,LANCHA,ALUMINIO,18.3,2.8,1.8,2.0,200,15,1,35,7,0,90,0,3,8.0,500.0
CAMETA - TUCURUI,LANCHA,ALUMINIO,21.0,4.2,1.8,2.0,290,30,2,35,7,1,70,0,3,6.0,500.0
CAMETA - TUCURUI,PASSAGEIRO/CARGA GERAL,MADEIRA,20.0,3.8,2.0,2.3,114,10,1,109,21,0,50,20,4,10.0,200.0
CAMETA - TUCURUI,LANCHA,ALUMINIO,17.0,2.8,0.6,0.9,608,40,1,35,7,0,40,0,3,6.0,350.0
CAMETA - LIMOEIRO DO AJURU,LANCHA,ALUMINIO,19.0,2.9,1.2,1.4,420,28,1,35,7,1,82,0,3,2.0,100.0
CAMETA - LIMOEIRO DO AJURU,PASSAGEIRO/CARGA GERAL,MADEIRA,24.0,3.9,1.3,1.6,200,15,1,109,21,0,30,60,3,3.0,60.0
MANAUS - URUCARA,PASSAGEIRO/CARGA GERAL,MADEIRA,24.0,6.7,1.19,1.95,350,15,1,109,21,1,97,120,6,17.0,350.0
MANAUS - URICURITUBA,PASSAGEIRO/CARGA GERAL,MADEIRA,22.0,5.6,1.5,1.85,180,12,1,109,21,2,69,50,3,11.0,400.0
MANAUS - URUCARA,PASSAGEIRO/CARGA GERAL,MADEIRA,25.5,6.9,1.8,2.2,400,15,2,109,21,1,118,69,4,10.0,200.0
MANAUS - AUTAZES,PASSAGEIRO/CARGA GERAL,MADEIRA,25.0,7.0,1.5,1.9,200,12,2,109,21,2,99,117,4,8.0,300.0
MANAUS - AUTAZES,PASSAGEIRO/CARGA GERAL,MADEIRA,21.0,5.25,1.8,2.2,250,12,1,109,21,1,60,40,3,12.0,200.0
MANAUS - ANORI,PASSAGEIRO/CARGA GERAL,MADEIRA,29.0,7.0,1.85,2.3,810,12,1,109,21,1,116,70,6,20.0,500.0
MANAUS - AUTAZES,PASSAGEIRO/CARGA GERAL,ACO NAVAL,38.0,7.3,1.65,2.0,412,20,1,330,64,2,97,150,5,9.0,400.0
MANAUS - ANORI,PASSAGEIRO/CARGA GERAL,MADEIRA,22.0,7.0,1.9,2.8,160,10,1,109,21,2,70,40,4,20.0,500.0
CAMETA - MOCAJUBA,PASSAGEIRO/CARGA GERAL,MADEIRA,23.2,5.0,1.0,1.8,180,15,1,109,21,0,61,30,4,3.0,80.0
CAMETA - MOCAJUBA,LANCHA,ALUMINIO,17.2,2.4,0.8,1.0,200,20,1,35,7,0,60,0,2,1.3,80.0
CAMETA - TUCURUI,PASSAGEIRO/CARGA GERAL,MADEIRA,20.0,4.0,0.9,1.6,200,20,2,109,21,1,40,5,3,13.0,500.0
CAMETA - MOCAJUBA,LANCHA,ALUMINIO,21.0,3.0,0.6,0.9,240,35,1,35,7,0,90,0,3,1.15,200.0
CAMETA - MOCAJUBA,PASSAGEIRO/CARGA GERAL,MADEIRA,19.5,3.8,0.8,1.2,114,12,1,109,21,1,40,30,3,3.0,50.0
SAO SEBASTIAO DA BOA VISTA - PORTO DE MOZ,OUTRO,MADEIRA,22.1,4.55,0.6,1.5,125,20,1,49,8,2,12,37,4,36.0,600.0
ABAETETUBA - MUANA,PASSAGEIRO,MADEIRA,22.68,5.47,1.0,1.8,270,10,1,29,7,1,83,50,4,3.3,200.0
ABAETETUBA - MUANA,PASSAGEIRO/CARGA GERAL,MADEIRA,22.5,5.4,1.0,1.8,357,12,1,109,21,1,85,45,3,3.3,100.0
ABAETETUBA - LIMOEIRO DO AJURU,OUTRO,MADEIRA,19.0,3.7,0.9,1.1,180,15,1,49,8,0,20,30,3,5.0,100.0
ABAETETUBA - LIMOEIRO DO AJURU,LANCHA,ALUMINIO,26.0,4.1,0.65,1.4,954,25,2,35,7,1,100,0,3,2.0,225.0
ABAETETUBA - SAO SEBASTIAO DA BOA VISTA,PASSAGEIRO/CARGA GERAL,MADEIRA,16.45,3.1,0.9,1.8,369,12,1,109,21,0,20,14,3,8.0,100.0
ABAETETUBA - SAO SEBASTIAO DA BOA VISTA,PASSAGEIRO/CARGA GERAL,MADEIRA,15.0,3.0,0.9,1.8,114,15,1,109,21,1,16,40,4,7.0,100.0
BELEM - COMBU,PASSAGEIRO,MADEIRA,12.0,2.3,1.0,1.2,490,10,1,29,7,1,28,0,2,0.3,40.0
BELEM - COMBU,PASSAGEIRO,MADEIRA,14.0,2.8,0.7,1.0,490,10,1,29,7,0,45,0,2,0.4,40.0
BELEM - COMBU,PASSAGEIRO,MADEIRA,15.0,2.0,1.0,1.1,400,10,1,29,7,1,25,0,3,0.3,30.0
BELEM - COMBU,PASSAGEIRO,MADEIRA,10.0,2.3,1.0,1.0,80,10,1,29,7,1,25,0,2,0.35,30.0
BELEM - COMBU,PASSAGEIRO,MADEIRA,12.0,2.0,0.7,1.0,160,10,1,29,7,1,22,0,2,0.3,40.0
BELEM - COMBU,PASSAGEIRO,MADEIRA,12.0,2.4,1.1,1.3,160,10,1,29,7,1,28,0,2,0.3,30.0
SANTAREM - PRAINHA,PASSAGEIRO/CARGA GERAL,MADEIRA,23.0,6.0,1.4,2.0,135,10,1,109,21,2,83,109,4,9.0,200.0
SANTAREM - PRAINHA,PASSAGEIRO/CARGA GERAL,MADEIRA,26.0,7.6,1.0,1.2,215,19,1,109,21,2,76,98,5,9.0,250.0
SANTAREM - ALENQUER,PASSAGEIRO/CARGA GERAL,MADEIRA,32.0,7.4,2.0,2.6,400,15,1,109,21,2,160,90,6,7.0,500.0
SANTAREM - PARINTINS,PASSAGEIRO/CARGA GERAL,MADEIRA,27.0,6.4,1.8,2.0,315,29,2,109,21,2,96,157,6,8.0,700.0
SANTAREM - ORIXIMINA,PASSAGEIRO/CARGA GERAL,ACO NAVAL,37.0,8.0,2.22,2.6,600,13,1,330,64,2,327,406,7,10.0,700.0
SANTAREM - BOA AVISTA,PASSAGEIRO/CARGA GERAL,MADEIRA,22.0,6.0,1.1,1.8,114,25,1,109,21,2,73,45,3,12.0,180.0
SANTAREM - ALENQUER,PASSAGEIRO/CARGA GERAL,MADEIRA,25.7,6.4,1.685,2.7,360,14,1,109,21,1,142,330,4,5.0,200.0
SANTAREM - ALENQUER,PASSAGEIRO/CARGA GERAL,MADEIRA,24.0,6.0,1.26,2.3,200,10,2,109,21,2,99,100,4,5.0,150.0
SANTAREM - MONTE ALEGRE,PASSAGEIRO/CARGA GERAL,MADEIRA,26.0,6.5,1.8,2.4,367,8,1,109,21,3,136,149,4,5.0,300.0
SANTAREM - JURUTI,PASSAGEIRO/CARGA GERAL,MADEIRA,26.2,6.3,1.93,2.5,420,15,1,109,21,2,115,120,7,11.0,600.0
SANTAREM - ALENQUER,PASSAGEIRO/CARGA GERAL,MADEIRA,31.0,6.8,2.1,2.7,420,8,1,109,21,2,132,150,4,5.0,200.0
SANTAREM - JURUTI,PASSAGEIRO/CARGA GERAL,MADEIRA,28.0,6.0,2.0,2.2,315,10,1,109,21,1,80,70,7,12.0,600.0
SANTAREM - MONTE ALEGRE,PASSAGEIRO/CARGA GERAL,MADEIRA,31.0,6.0,1.2,1.5,420,19,1,109,21,2,135,60,5,5.0,250.0
SANTAREM - ORIXIMINA,PASSAGEIRO/CARGA GERAL,ACO NAVAL,37.0,8.0,1.1,1.3,565,10,1,330,64,3,308,208,6,8.0,700.0
SANTAREM - MONTE ALEGRE,PASSAGEIRO/CARGA GERAL,MADEIRA,30.2,6.92,1.815,2.44,420,14,2,109,21,2,128,120,3,5.0,200.0
SANTAREM - VILA BOIM,PASSAGEIRO/CARGA GERAL,MADEIRA,23.0,4.3,1.6,2.4,200,15,1,109,21,2,90,47,4,8.0,300.0
SANTAREM - ALENQUER,PASSAGEIRO/CARGA GERAL,MADEIRA,30.0,7.2,2.1,2.73,373,13,1,109,21,2,180,100,6,6.0,500.0
SANTAREM - PRAINHA,PASSAGEIRO/CARGA GERAL,MADEIRA,62.78,5.2,1.74,2.8,210,18,1,109,21,1,70,56,4,8.0,250.0
SANTAREM - MONTE ALEGRE,PASSAGEIRO/CARGA GERAL,MADEIRA,28.99,7.25,1.3,2.3,420,10,2,109,21,2,130,100,7,5.0,400.0
SANTAREM - ALENQUER,PASSAGEIRO/CARGA GERAL,MADEIRA,31.8,6.9,1.6,1.9,315,15,1,109,21,2,195,120,4,5.0,200.0
SANTAREM - ALENQUER,PASSAGEIRO/CARGA GERAL,MADEIRA,27.0,6.0,2.0,2.0,315,10,2,109,21,1,107,80,5,5.0,200.0
MACAPA - AFUA,LANCHA,ALUMINIO,21.0,4.2,1.2,1.6,360,22,2,35,7,1,98,0,3,2.0,700.0
MACAPA - AFUA,PASSAGEIRO/CARGA GERAL,MADEIRA,25.0,6.5,1.7,2.0,264,11,1,109,21,1,100,80,4,4.0,400.0
MACAPA - AFUA,PASSAGEIRO,MADEIRA,21.0,4.9,1.0,3.0,190,10,1,29,7,1,47,25,3,4.0,400.0
MACAPA - CHAVES,PASSAGEIRO/CARGA GERAL,MADEIRA,20.0,4.0,1.2,3.0,290,23,1,109,21,1,40,30,6,7.0,250.0
MACAPA - CHAVES,PASSAGEIRO/CARGA GERAL,MADEIRA,18.5,4.0,1.5,2.4,190,8,1,109,21,3,60,30,3,7.0,250.0
MACAPA - CHAVES,PASSAGEIRO/CARGA GERAL,MADEIRA,17.0,3.0,1.5,1.9,200,9,1,109,21,1,35,14,3,5.0,500.0
MACAPA - AFUA,LANCHA,ALUMINIO,20.0,4.5,1.0,1.22,260,29,1,35,7,1,94,0,5,2.4,400.0
MACAPA - AFUA,PASSAGEIRO/CARGA GERAL,ACO NAVAL,38.5,8.0,1.7,2.55,954,15,2,330,64,1,300,199,6,4.0,400.0
BELEM - BARCARENA,LANCHA,ALUMINIO,19.0,3.0,1.3,1.3,350,25,2,35,7,1,70,0,3,0.45,80.0
BELEM - COTIJUBA,LANCHA,MADEIRA,40.0,4.3,1.5,2.0,350,25,1,28,5,0,85,0,2,0.4,40.0
BELEM - BARCARENA,LANCHA,MADEIRA,19.0,4.0,1.3,1.8,420,16,1,28,5,1,99,0,3,1.1,70.0
BELEM - SAO FRANCISCO,LANCHA,ALUMINIO,21.0,3.0,1.3,1.9,215,24,1,35,7,1,93,0,3,0.5,70.0
BELEM - BARCARENA,LANCHA,ALUMINIO,10.0,3.0,1.0,1.2,410,22,1,35,7,1,58,0,3,0.45,60.0
BELEM - BARCARENA,LANCHA,ALUMINIO,19.5,5.7,1.2,1.8,350,21,1,35,7,1,80,0,4,0.45,70.0
BELEM - SAO FRANCISCO,LANCHA,ALUMINIO,19.25,4.3,1.3,1.8,420,23,1,35,7,1,60,0,2,0.45,70.0
TURISMO,PASSAGEIRO/CARGA GERAL,MADEIRA,43.0,8.2,2.0,2.58,600,23,5,109,21,2,453,175,6,3.0,150.0
BELEM - MUANA,PASSAGEIRO/CARGA GERAL,MADEIRA,26.0,6.2,1.0,1.5,420,19,1,109,21,2,143,67,4,6.0,600.0
BELEM - BREVES,OUTRO,MADEIRA,23.4,5.0,1.6,2.2,190,10,1,49,8,1,15,49,3,16.0,300.0
BELEM - CAMETA,OUTRO,MADEIRA,15.0,4.0,1.3,3.3,125,14,1,49,8,1,12,20,4,12.0,250.0
BELEM - BREVES,OUTRO,MADEIRA,23.0,5.0,2.2,3.0,114,8,1,49,8,1,15,70,4,18.0,200.0
BELEM - BREVES,OUTRO,MADEIRA,16.2,2.9,0.55,1.1,114,10,1,49,8,0,10,40,3,18.0,250.0
BELEM - BAGRE,PASSAGEIRO/CARGA GERAL,MADEIRA,30.0,6.0,1.5,2.0,410,10,1,109,21,1,80,120,6,15.0,700.0
BELEM - CURRALINHO,PASSAGEIRO/CARGA GERAL,MADEIRA,25.0,5.0,1.6,1.6,367,12,1,109,21,1,92,100,8,10.0,200.0
BELEM - CURRALINHO,PASSAGEIRO/CARGA GERAL,MADEIRA,17.0,4.0,1.5,2.0,240,15,1,109,21,1,25,35,3,10.0,200.0
BELEM - LIMOEIRO DO AJURU,PASSAGEIRO/CARGA GERAL,MADEIRA,22.4,4.7,1.75,2.9,196,12,1,109,21,0,36,40,3,8.0,200.0
BELEM - MUANA,PASSAGEIRO/CARGA GERAL,MADEIRA,19.0,5.0,1.2,1.67,114,8,1,109,21,1,10,60,3,10.0,200.0
BELEM - CURRALINHO,PASSAGEIRO/CARGA GERAL,MADEIRA,17.0,4.0,1.5,2.0,180,12,1,109,21,1,60,30,3,10.0,200.0
BELEM - LIMOEIRO DO AJURU,PASSAGEIRO/CARGA GERAL,MADEIRA,26.0,6.1,1.642,2.0,450,12,1,109,21,1,132,60,4,8.0,250.0
BELEM - SAO SEBASTIAO DA BOA VISTA,PASSAGEIRO/CARGA GERAL,ACO NAVAL,30.0,7.0,2.0,2.8,567,8,2,330,64,2,205,160,4,8.0,500.0
TEFE - UARINI,LANCHA,ALUMINIO,11.0,3.0,0.75,1.2,2100,16,2,35,7,0,38,8,2,24.0,160.0
PORTO VELHO - CALAMA,CHATA,MADEIRA,25.2,6.0,1.8,3.2,357,16,1,35,6,1,90,60,3,8.0,400.0
PORTO VELHO - CALAMA,CHATA,MADEIRA,27.3,7.0,1.67,2.2,315,12,1,35,6,1,134,73,4,10.0,400.0
ANORI - MANACAPURU,PASSAGEIRO/CARGA GERAL,MADEIRA,21.0,4.8,1.0,1.45,180,14,1,109,21,1,40,0,2,8.0,500.0
ANORI - MANACAPURU,CHATA,MADEIRA,21.0,5.7,2.0,2.8,170,20,1,35,6,1,45,0,2,8.0,500.0
AUTAZES - ITACOATIARA,CHATA,MADEIRA,21.0,5.7,2.0,2.8,170,20,3,35,6,2,50,15,6,6.0,150.0
AUTAZES - BORBA,CHATA,MADEIRA,17.0,6.0,1.5,2.0,114,16,1,35,6,1,60,15,3,12.0,300.0
BAGRE - BREVES,LANCHA,ALUMINIO,19.9,6.0,1.2,1.7,426,30,1,35,7,0,48,0,2,1.3,125.0
BREVES - PORTEL,LANCHA,ACO NAVAL,25.0,3.5,0.8,1.5,600,19,2,21,6,1,114,0,2,1.4,140.0
BREVES - PORTEL,LANCHA,MADEIRA,22.0,5.5,2.5,3.3,240,13,1,28,5,1,93,70,8,2.3,90.0
BREVES - PORTEL,PASSAGEIRO,ALUMINIO,19.7,3.2,0.45,2.7,420,19,1,27,6,1,57,0,2,1.45,150.0
ITAITUBA - AVEIRO,PASSAGEIRO/CARGA GERAL,MADEIRA,20.5,4.3,1.29,2.2,120,12,1,109,21,1,39,46,3,6.0,150.0
ITAITUBA - AVEIRO,PASSAGEIRO/CARGA GERAL,MADEIRA,18.0,4.0,1.0,1.2,200,12,1,109,21,1,45,20,3,7.0,150.0
ITAITUBA - AVEIRO,PASSAGEIRO/CARGA GERAL,MADEIRA,17.5,4.1,0.8,1.2,160,12,1,109,21,1,33,18,3,8.0,120.0
ITAITUBA - AVEIRO,PASSAGEIRO/CARGA GERAL,MADEIRA,30.0,8.0,1.6,2.0,300,15,1,109,21,1,85,40,4,6.0,140.0
ITAITUBA - AVEIRO,PASSAGEIRO/CARGA GERAL,MADEIRA,18.0,4.2,1.0,1.3,200,15,1,109,21,1,35,20,3,7.0,150.0
ITAITUBA - AVEIRO,PASSAGEIRO/CARGA GERAL,MADEIRA,20.0,4.0,1.2,1.4,280,15,1,109,21,1,45,20,3,8.0,160.0
MUANA - CACHOEIRA DO ARARI,PASSAGEIRO/CARGA GERAL,MADEIRA,20.0,4.8,2.31,2.5,150,20,1,109,21,1,30,44,4,9.0,150.0
ORIXIMINA - PORTO TROMBETAS,PASSAGEIRO/CARGA GERAL,MADEIRA,20.5,5.4,1.85,1.85,200,18,1,109,21,2,68,36,3,5.0,150.0
ORIXIMINA - PORTO TROMBETAS,PASSAGEIRO/CARGA GERAL,MADEIRA,21.0,4.4,1.44,1.65,240,13,2,109,21,1,45,25,3,4.0,300.0
ORIXIMINA - PORTO TROMBETAS,PASSAGEIRO/CARGA GERAL,ACO NAVAL,34.86,7.2,1.96,2.4,600,12,2,330,64,2,260,146,7,4.0,200.0
ORIXIMINA - PORTO TROMBETAS,PASSAGEIRO/CARGA GERAL,MADEIRA,24.7,6.3,1.92,2.4,313,12,1,109,21,0,100,162,5,4.0,350.0
ORIXIMINA - PORTO TROMBETAS,PASSAGEIRO/CARGA GERAL,MADEIRA,22.0,5.8,1.9,2.4,180,12,2,109,21,1,50,50,4,4.0,250.0
SAO SEBASTIAO DA BOA VISTA - LARANJAL DO JARI (AMAPA),OUTRO,MADEIRA,21.5,4.75,1.8,1.8,125,20,1,49,8,2,45,60,5,80.0,700.0
SAO SEBASTIAO DA BOA VISTA - PORTEL,OUTRO,MADEIRA,12.0,2.6,1.3,1.8,260,15,1,49,8,0,14,8,2,12.0,60.0
SAO SEBASTIAO DA BOA VISTA - OEIRAS DO PARA,OUTRO,MADEIRA,16.0,3.3,0.9,1.1,114,15,1,49,8,0,14,15,2,4.0,50.0
SAO SEBASTIAO DA BOA VISTA - OEIRAS DO PARA,OUTRO,MADEIRA,16.5,3.5,1.5,1.7,114,15,1,49,8,0,14,30,3,5.0,200.0
TABATINGA - BENJAMIN CONSTANT,FERRY BOAT,FIBRA,8.7,2.0,1.1,1.2,200,40,1,528,98,1,21,7,1,0.3,40.0
TABATINGA - BENJAMIN CONSTANT,FERRY BOAT,FIBRA,7.5,1.55,0.5,1.0,150,40,1,528,98,1,16,8,1,0.3,45.0
TABATINGA - BENJAMIN CONSTANT,FERRY BOAT,FIBRA,7.2,1.9,0.7,1.0,200,40,1,528,98,1,16,8,1,0.3,50.0
TABATINGA - BENJAMIN CONSTANT,FERRY BOAT,FIBRA,7.7,2.08,0.7,1.0,200,35,1,528,98,1,22,9,1,0.3,45.0
TABATINGA - BENJAMIN CONSTANT,FERRY BOAT,FIBRA,7.82,1.7,0.6,1.0,200,30,1,528,98,0,22,12,1,0.3,40.0
TABATINGA - BENJAMIN CONSTANT,FERRY BOAT,FIBRA,17.75,2.25,0.69,0.8,200,40,1,528,98,1,14,10,1,0.3,45.0
TABATINGA - BENJAMIN CONSTANT,FERRY BOAT,FIBRA,11.9,1.9,0.7,1.0,200,40,1,528,98,1,22,10,1,0.3,40.0
TABATINGA - BENJAMIN CONSTANT,FERRY BOAT,FIBRA,7.16,1.76,0.45,1.0,150,15,1,528,98,1,14,6,1,0.3,45.0
TABATINGA - BENJAMIN CONSTANT,FERRY BOAT,FIBRA,7.62,2.29,2.3,2.8,250,30,1,528,98,0,18,9,1,0.3,40.0
TABATINGA - BENJAMIN CONSTANT,FERRY BOAT,FIBRA,8.6,2.1,0.5,0.65,200,30,1,528,98,0,22,12,1,0.3,50.0
TABATINGA - BENJAMIN CONSTANT,FERRY BOAT,FIBRA,8.0,2.1,0.4,1.0,200,40,1,528,98,1,18,8,1,0.3,45.0
TABATINGA - BENJAMIN CONSTANT,FERRY BOAT,FIBRA,7.2,1.9,0.6,1.0,200,32,1,528,98,1,17,8,1,0.3,45.0
TABATINGA - BENJAMIN CONSTANT,FERRY BOAT,FIBRA,7.84,2.33,0.38,1.0,150,28,1,528,98,0,21,11,2,0.3,45.0
TABATINGA - BENJAMIN CONSTANT,FERRY BOAT,FIBRA,8.0,1.8,0.6,1.0,200,40,1,528,98,1,18,8,1,0.3,40.0
TEFE - UARINI,PASSAGEIRO/CARGA GERAL,MADEIRA,7.2,2.5,0.7,1.0,200,40,1,109,21,1,25,0,2,6.0,250.0
TEFE - UARINI,PASSAGEIRO/CARGA GERAL,MADEIRA,11.9,2.2,0.7,1.0,200,40,1,109,21,1,25,0,2,6.0,250.0
TEFE - UARINI,PASSAGEIRO/CARGA GERAL,MADEIRA,7.7,2.1,0.7,1.0,200,35,1,109,21,1,20,0,2,6.0,250.0
TEFE - UARINI,PASSAGEIRO/CARGA GERAL,MADEIRA,22.26,5.14,1.56,1.8,170,10,3,109,21,0,60,15,2,6.0,250.0
TEFE - UARINI,PASSAGEIRO/CARGA GERAL,MADEIRA,14.0,3.0,1.0,1.3,200,10,1,109,21,1,28,0,2,6.0,250.0
BELEM - CAMARA,PASSAGEIRO/CARGA GERAL,ACO NAVAL,60.0,12.0,1.4,3.0,600,14,2,330,64,2,870,0,6,3.0,600.0
BELEM - CAMARA,PASSAGEIRO/CARGA GERAL,ACO NAVAL,43.0,8.5,2.5,2.8,367,13,2,330,64,2,600,0,4,3.0,600.0
BAGRE - BREVES,PASSAGEIRO/CARGA GERAL,MADEIRA,21.0,6.0,1.0,1.8,200,20,1,109,21,1,80,24,3,3.0,75.0
BAGRE - BREVES,LANCHA,ALUMINIO,20.0,4.6,1.5,1.7,477,13,1,35,7,1,48,0,3,3.0,75.0
ICOARACI - COTIJUBA,PASSAGEIRO,MADEIRA,14.35,2.6,0.6,0.9,120,14,1,29,7,1,70,0,3,0.45,18.0
ICOARACI - COTIJUBA,PASSAGEIRO/CARGA GERAL,MADEIRA,13.0,3.2,0.8,1.6,313,10,1,109,21,1,50,0,2,0.45,50.0
ICOARACI - COTIJUBA,PASSAGEIRO,MADEIRA,14.0,3.8,1.2,1.6,270,16,1,29,7,1,66,0,3,0.35,20.0
ICOARACI - COTIJUBA,PASSAGEIRO,MADEIRA,21.0,4.0,0.8,1.2,150,11,1,29,7,1,88,0,3,0.45,30.0
ICOARACI - COTIJUBA,PASSAGEIRO,MADEIRA,16.5,3.4,1.5,1.8,125,12,1,29,7,1,80,0,3,0.35,30.0
ICOARACI - COTIJUBA,PASSAGEIRO,MADEIRA,14.8,2.85,0.75,1.0,125,12,1,29,7,1,60,0,3,0.45,20.0
ICOARACI - COTIJUBA,PASSAGEIRO,MADEIRA,14.0,13.1,1.2,1.35,114,18,1,29,7,0,57,0,2,0.45,40.0
ICOARACI - COTIJUBA,PASSAGEIRO,MADEIRA,16.96,2.96,0.49,1.0,160,14,1,29,7,1,68,0,3,0.45,30.0
ICOARACI - COTIJUBA,PASSAGEIRO,MADEIRA,18.0,3.7,1.2,1.6,270,12,1,29,7,1,100,0,3,0.45,30.0
ICOARACI - COTIJUBA,PASSAGEIRO/CARGA GERAL,MADEIRA,17.0,2.8,2.0,2.5,170,18,2,109,21,2,100,15,3,0.45,40.0
ICOARACI - COTIJUBA,PASSAGEIRO,MADEIRA,12.0,3.2,0.45,1.0,190,10,1,29,7,1,60,0,3,0.45,30.0
ICOARACI - COTIJUBA,PASSAGEIRO,MADEIRA,28.0,6.2,1.35,1.7,800,15,2,29,7,2,350,0,4,0.45,50.0
ICOARACI - COTIJUBA,PASSAGEIRO,MADEIRA,17.0,4.0,1.5,2.4,190,18,1,29,7,0,100,0,3,0.45,15.0
ICOARACI - COTIJUBA,PASSAGEIRO,MADEIRA,11.1,2.88,0.6,0.95,213,10,1,29,7,1,50,0,2,0.45,30.0
ICOARACI - COTIJUBA,PASSAGEIRO/CARGA GERAL,MADEIRA,12.6,2.8,0.6,1.1,135,10,1,109,21,1,50,7,2,0.45,30.0
ICOARACI - COTIJUBA,PASSAGEIRO,MADEIRA,24.0,4.8,1.17,1.3,180,12,1,29,7,1,120,0,3,0.45,50.0
ICOARACI - COTIJUBA,PASSAGEIRO,MADEIRA,14.69,2.9,0.6,1.4,220,14,1,29,7,0,69,0,3,0.45,25.0
ICOARACI - COTIJUBA,PASSAGEIRO,MADEIRA,13.5,2.95,0.75,1.0,180,14,1,29,7,1,50,0,2,0.45,40.0
ICOARACI - COTIJUBA,PASSAGEIRO,MADEIRA,16.9,3.6,0.75,1.0,125,10,1,29,7,1,66,0,3,0.45,20.0
ICOARACI - COTIJUBA,PASSAGEIRO,MADEIRA,15.0,3.3,0.5,1.1,115,10,1,29,7,1,90,0,3,0.45,30.0
ICOARACI - COTIJUBA,PASSAGEIRO/CARGA GERAL,MADEIRA,12.35,2.48,0.65,0.86,170,14,1,109,21,0,46,0,2,0.45,20.0
ICOARACI - COTIJUBA,PASSAGEIRO,MADEIRA,19.0,4.2,1.3,1.7,200,12,1,29,7,1,100,0,3,0.4,20.0
ICOARACI - COTIJUBA,PASSAGEIRO,MADEIRA,16.14,2.94,0.9,1.2,190,14,1,29,7,0,43,0,3,0.45,20.0
BAGRE - BREVES,PASSAGEIRO/CARGA GERAL,MADEIRA,20.0,4.0,1.3,1.5,114,10,1,109,21,1,36,36,4,3.0,50.0
CURRALINHO - OEIRAS DO PARA,LANCHA,ALUMINIO,6.0,2.5,1.0,1.3,120,30,1,35,7,0,32,0,2,0.5,27.0
ABAETETUBA - PONTA DE PEDRAS,PASSAGEIRO/CARGA GERAL,MADEIRA,15.0,3.1,0.9,1.8,114,15,1,109,21,0,16,18,5,3.0,100.0
ALENQUER - CURUA,PASSAGEIRO/CARGA GERAL,MADEIRA,15.0,3.7,1.0,1.2,135,15,1,109,21,1,22,10,2,3.0,40.0
ALENQUER - CURUA,PASSAGEIRO,MADEIRA,15.0,4.0,1.0,1.2,261,12,1,29,7,0,30,14,2,3.0,50.0
ALENQUER - CURUA,PASSAGEIRO/CARGA GERAL,MADEIRA,15.75,3.75,1.3,1.3,313,15,1,109,21,1,30,13,2,3.0,50.0
ALENQUER - CURUA,PASSAGEIRO/CARGA GERAL,MADEIRA,15.7,3.2,1.0,1.2,220,15,1,109,21,1,35,15,3,3.0,50.0
ALENQUER - CURUA,PASSAGEIRO/CARGA GERAL,MADEIRA,15.92,3.2,1.0,1.2,125,10,1,109,21,1,28,8,3,3.0,40.0
BARREIRINHA - BOA VISTA DO RAMOS,OUTRO,MADEIRA,25.0,6.3,1.8,2.9,190,10,1,49,8,1,80,40,3,5.0,350.0
BARREIRINHA - MAUES,OUTRO,MADEIRA,17.0,6.0,1.9,2.3,114,12,1,49,8,1,75,40,3,12.0,200.0
BARREIRINHA - PEDRAS,PASSAGEIRO/CARGA GERAL,MADEIRA,25.0,5.0,1.5,2.0,114,12,1,109,21,1,60,36,3,2.0,20.0
BARREIRINHA - BOA VISTA DO RAMOS,LANCHA,ALUMINIO,9.0,2.3,1.0,1.3,150,15,1,35,7,0,32,15,2,2.0,150.0
BARREIRINHA - PEDRAS,LANCHA,ALUMINIO,11.0,4.1,1.5,2.0,150,15,1,35,7,0,30,12,2,1.0,50.0
BERURI - MANACAPURU,CHATA,MADEIRA,10.6,2.5,1.85,2.05,400,12,1,35,6,1,35,15,2,2.3,275.0
BERURI - MANACAPURU,CHATA,MADEIRA,22.0,5.5,1.2,1.6,200,12,1,35,6,2,40,35,4,2.3,250.0
BERURI - MANACAPURU,CHATA,MADEIRA,21.0,5.7,2.0,2.8,170,20,3,35,6,0,50,20,2,3.0,90.0
BERURI - MANACAPURU,CHATA,MADEIRA,17.3,2.96,0.6,1.24,400,12,2,35,6,1,40,15,2,3.5,275.0
BOA VISTA DE RAMOS - MAUES,CHATA,MADEIRA,22.0,5.5,1.2,1.6,200,12,1,35,6,2,35,15,2,2.3,300.0
BOA VISTA DE RAMOS - MAUES,CHATA,MADEIRA,18.0,3.0,1.0,2.5,144,12,1,35,6,2,40,18,2,2.3,300.0
BOA VISTA DE RAMOS - MAUES,PASSAGEIRO,ALUMINIO,8.0,2.3,1.0,1.5,150,15,1,27,6,0,22,12,2,1.15,55.0
BOA VISTA DE RAMOS - MAUES,CHATA,MADEIRA,11.0,4.1,1.5,2.0,150,15,1,35,6,1,30,15,2,2.3,300.0
BOA VISTA DE RAMOS - MAUES,PASSAGEIRO/CARGA GERAL,MADEIRA,16.0,3.2,1.2,1.8,114,12,2,109,21,1,30,15,2,5.0,60.0
ITACOATIARA - URICURITUBA,CHATA,MADEIRA,25.0,5.0,1.5,2.0,114,12,1,35,6,1,65,30,2,6.0,400.0
JURUTI-  JURUTI VELHO,PASSAGEIRO/CARGA GERAL,MADEIRA,17.83,4.0,0.97,1.3,114,10,2,109,21,0,64,20,2,3.0,50.0
JURUTI - PARINTINS,PASSAGEIRO/CARGA GERAL,MADEIRA,20.3,5.0,1.78,2.1,160,10,1,109,21,2,61,40,3,6.0,150.0
JURUTI - OBIDOS,PASSAGEIRO/CARGA GERAL,MADEIRA,19.96,4.8,1.09,1.5,170,10,1,109,21,1,47,23,3,5.0,80.0
JURUTI - PARINTINS,PASSAGEIRO/CARGA GERAL,MADEIRA,20.0,5.5,2.0,2.5,270,16,1,109,21,1,60,20,3,5.0,130.0
JURUTI-  JURUTI VELHO,PASSAGEIRO/CARGA GERAL,MADEIRA,18.0,4.9,1.0,1.4,114,10,1,109,21,1,40,20,3,4.0,60.0
JURUTI - OBIDOS,PASSAGEIRO/CARGA GERAL,MADEIRA,18.0,5.0,1.2,2.0,160,11,1,109,21,1,38,15,2,6.0,60.0
JURUTI-  JURUTI VELHO,PASSAGEIRO/CARGA GERAL,MADEIRA,17.7,4.5,0.8,1.1,610,20,1,109,21,1,30,15,3,3.0,50.0
MANACAPURU - CAAPIRANGA,CHATA,MADEIRA,18.0,3.4,2.0,3.15,430,20,1,35,6,1,55,20,2,6.0,300.0
MANACAPURU - CAAPIRANGA,CHATA,MADEIRA,16.0,3.2,1.8,2.0,430,20,1,35,6,1,50,20,2,6.0,300.0
MOCAJUBA - TUCURUI,PASSAGEIRO/CARGA GERAL,MADEIRA,25.0,3.8,1.8,2.0,240,20,1,109,21,1,80,20,4,12.0,175.0
PARINTINS - TERRA SANTA,LANCHA,ALUMINIO,13.0,3.0,1.0,1.145,150,18,2,35,7,1,30,0,2,2.0,160.0
PARINTINS - BARREIRINHA,PASSAGEIRO/CARGA GERAL,MADEIRA,21.0,4.0,1.5,2.0,1700,12,1,109,21,1,50,50,3,5.0,500.0
PARINTINS - BARREIRINHA,PASSAGEIRO/CARGA GERAL,MADEIRA,23.0,4.0,1.5,2.0,120,12,1,109,21,1,45,60,3,5.0,500.0
PARINTINS - MAUES,PASSAGEIRO/CARGA GERAL,MADEIRA,25.0,4.0,1.5,2.0,315,15,1,109,21,1,87,52,5,12.0,600.0
PARINTINS - MOCAMBO,PASSAGEIRO/CARGA GERAL,MADEIRA,22.0,5.0,1.5,2.0,200,12,1,109,21,1,100,70,3,5.0,120.0
PARINTINS - MAUES,PASSAGEIRO/CARGA GERAL,MADEIRA,25.8,7.8,1.8,2.3,315,18,1,109,21,1,84,98,4,16.0,300.0
PARINTINS - BARREIRINHA,LANCHA,ALUMINIO,10.0,3.0,1.5,2.0,130,12,1,35,7,0,35,0,2,5.0,500.0
PARINTINS - TERRA SANTA,LANCHA,MADEIRA,10.0,3.0,1.5,2.0,130,18,1,28,5,0,45,0,2,1.15,60.0
PARINTINS - URUCARA,CHATA,MADEIRA,23.0,6.2,1.7,2.1,315,10,3,35,6,1,76,60,3,12.0,600.0
PARINTINS - FARO,PASSAGEIRO/CARGA GERAL,MADEIRA,20.0,3.0,1.1,1.8,270,12,1,109,21,1,58,60,3,4.0,100.0
PARINTINS - CAMETA DOS RAMOS,PASSAGEIRO/CARGA GERAL,MADEIRA,18.0,6.0,1.5,2.1,114,12,1,109,21,1,40,16,2,8.0,500.0
SANTA CRUZ DO ARARI - CACHOEIRA DO ARARI,LANCHA,ALUMINIO,13.0,3.0,1.0,1.8,490,30,1,35,7,0,16,0,2,1.5,90.0
SANTA CRUZ DO ARARI - CACHOEIRA DO ARARI,LANCHA,ALUMINIO,10.0,2.2,0.9,1.3,150,32,1,35,7,0,20,0,2,2.0,120.0
BAGRE - BREVES,PASSAGEIRO,MADEIRA,21.0,4.8,1.6,1.8,180,20,1,29,7,0,50,0,4,4.0,50.0
BELEM - SAO SEBASTIAO DA BOA VISTA,PASSAGEIRO/CARGA GERAL,MADEIRA,21.0,7.4,2.4,2.6,550,25,1,109,21,2,225,240,4,8.0,600.0
BELEM - ACARA,PASSAGEIRO/CARGA GERAL,MADEIRA,17.0,3.95,0.8,1.1,350,12,1,109,21,2,25,16,3,8.0,60.0
BELEM - ACARA,PASSAGEIRO/CARGA GERAL,MADEIRA,20.0,4.0,2.0,3.0,114,9,1,109,21,0,37,40,3,9.0,60.0
ALENQUER - CURUA,PASSAGEIRO/CARGA GERAL,MADEIRA,15.0,3.7,1.0,1.2,135,15,1,15,3,1,22,10,2,3.0,40.0
ORIXIMINA - JURUTI,PASSAGEIRO/CARGA GERAL,MADEIRA,20.5,5.4,1.85,2.1,200,18,1,40,8,2,68,36,3,5.0,150.0
CAMETA - TUCURUI,LANCHA,ALUMINIO,18.3,2.8,1.8,2.0,200,18,1,20,5,0,90,0,3,8.0,500.0
CAMETA - TUCURUI,LANCHA,ALUMINIO,21.0,4.2,1.8,2.0,290,25,2,20,5,1,70,0,3,6.0,500.0
MACAPA - AFUA,LANCHA,ALUMINIO,21.0,4.2,1.2,1.6,360,22,2,20,5,1,98,0,3,2.0,700.0
ICOARACI - CAMARA,FERRY BOAT,ACO NAVAL,63.0,12.0,1.2,1.6,420,12,2,340,60,2,436,300,6,2.5,400.0
ITAITUBA - AVEIRO,PASSAGEIRO/CARGA GERAL,MADEIRA,20.5,4.3,1.29,2.2,120,12,1,57,13,1,39,46,3,60.0,150.0
MANAUS - CAREIRO DA VARZEA,LANCHA,ALUMINIO,18.0,3.9,1.2,1.8,420,25,1,35,7,0,65,0,2,2.0,150.0
PARINTINS - TERRA SANTA,LANCHA,ALUMINIO,13.0,3.0,1.0,1.15,150,18,2,35,7,1,30,0,2,2.0,160.0
MANAUS - CAREIRO DA VARZEA,PASSAGEIRO/CARGA GERAL,ACO NAVAL,40.75,9.0,1.15,1.5,200,10,1,45,10,2,60,36,3,2.0,250.0
BELEM - SAO FRANCISCO,LANCHA,ALUMINIO,19.9,3.3,0.52,1.0,580,25,2,15,4,0,100,0,3,0.8,180.0
BERURI - MANACAPURU,LANCHA,MADEIRA,10.6,2.5,1.85,2.05,400,12,1,20,5,1,35,15,2,2.5,275.0
SANTANA - BREVES,PASSAGEIRO/CARGA GERAL,MADEIRA,22.0,5.0,1.7,2.2,147,15,1,60,8,1,62,50,4,8.0,500.0
MANAUS - BELA VISTA,PASSAGEIRO/CARGA GERAL,MADEIRA,18.5,5.0,1.4,2.1,140,12,1,82,15,1,50,65,3,12.0,700.0
MANAUS - URUCARA,PASSAGEIRO/CARGA GERAL,MADEIRA,24.0,6.7,1.19,1.95,350,15,1,145,21,1,97,120,6,17.0,350.0
MANAUS - MANAQUIRI,PASSAGEIRO/CARGA GERAL,MADEIRA,20.0,5.5,1.5,2.0,315,10,1,100,15,1,80,85,4,5.0,225.0
PARINTINS - BARREIRINHA,PASSAGEIRO/CARGA GERAL,MADEIRA,23.0,4.0,1.5,2.0,120,12,1,75,15,1,45,60,3,5.0,500.0
SANTAREM - INALU,PASSAGEIRO/CARGA GERAL,MADEIRA,17.6,4.2,1.8,2.0,612,15,1,22,4,1,60,19,2,6.0,180.0
ALENQUER - CURUA,LANCHA,ALUMINIO,15.0,3.5,0.9,1.1,600,17,1,35,7,1,30,0,2,0.8,50.0
BELEM - CAMARA,LANCHA,ALUMINIO,19.79,4.0,0.5,1.6,830,23,2,57,12,2,140,48,3,1.5,250.0
MANAUS - CAREIRO DA VARZEA,LANCHA,ALUMINIO,20.0,3.8,0.8,1.4,420,25,1,35,7,0,60,0,2,2.0,150.0
MANAUS - CAREIRO DA VARZEA,LANCHA,ALUMINIO,17.0,3.6,1.2,1.8,460,30,1,35,7,0,60,0,2,2.0,150.0
MANAUS - TAPAUA,PASSAGEIRO/CARGA GERAL,MADEIRA,29.0,7.3,1.8,2.2,480,12,2,135,25,2,159,100,5,12.0,500.0
MANAUS - CAREIRO DA VARZEA,LANCHA,ALUMINIO,19.0,4.3,1.0,1.6,460,30,1,35,7,0,60,0,2,2.0,150.0
SANTANA - BREVES,FERRY BOAT,ACO NAVAL,27.1,7.04,1.2,1.45,600,12,1,110,25,2,160,80,4,12.0,700.0
BELEM - ARAPARI,LANCHA,ALUMINIO,32.0,4.2,1.4,1.8,800,20,1,25,10,1,135,0,3,0.5,250.0
ORIXIMINA - JURUTI,PASSAGEIRO/CARGA GERAL,MADEIRA,29.0,7.8,1.6,2.0,300,13,1,90,18,1,89,80,3,5.0,180.0
MANAUS - NOVO REMANSO,PASSAGEIRO/CARGA GERAL,MADEIRA,23.0,4.0,2.0,2.9,200,12,2,485,90,2,100,400,3,6.0,350.0
MANAUS - CAREIRO DA VARZEA,LANCHA,ALUMINIO,17.0,3.8,1.4,2.0,480,25,1,35,7,0,45,0,2,2.0,150.0
CAMETA - MOCAJUBA,PASSAGEIRO/CARGA GERAL,MADEIRA,18.3,3.4,1.2,1.6,114,14,1,20,6,1,40,15,3,3.0,50.0
ICOARACI - COTIJUBA,PASSAGEIRO,MADEIRA,14.35,2.6,0.6,0.9,120,14,1,51,15,1,70,0,3,0.8,18.0
MANAUS - BARREIRINHA,PASSAGEIRO/CARGA GERAL,MADEIRA,25.0,4.0,1.5,2.0,315,15,1,67,13,1,87,52,5,12.0,600.0
BAGRE - BREVES,PASSAGEIRO/CARGA GERAL,MADEIRA,21.0,6.0,1.0,1.8,200,20,1,32,8,1,80,24,3,3.0,75.0
ANAJAS - BREVES,PASSAGEIRO/CARGA GERAL,MADEIRA,25.0,6.0,1.3,3.0,290,12,1,40,8,1,100,65,4,10.0,400.0
BARREIRINHA - BOA VISTA DO RAMOS,PASSAGEIRO/CARGA GERAL,MADEIRA,25.0,6.3,1.8,2.9,190,10,1,50,8,1,80,40,3,5.0,350.0
BELEM - COTIJUBA,PASSAGEIRO,MADEIRA,40.0,4.3,1.5,2.0,350,25,1,30,6,0,85,0,2,1.0,40.0
ORIXIMINA - PORTO TROMBETAS,PASSAGEIRO/CARGA GERAL,MADEIRA,21.0,4.4,1.44,1.65,240,13,2,25,4,1,45,25,3,4.0,300.0
SANTAREM - JURUTI,PASSAGEIRO/CARGA GERAL,MADEIRA,26.0,6.0,1.8,2.25,313,12,1,10,3,1,100,44,7,12.0,600.0
SANTAREM - LAGO GRANDE,PASSAGEIRO/CARGA GERAL,MADEIRA,18.0,4.3,1.0,2.3,114,17,1,12,2,3,40,12,3,6.0,60.0
TABATINGA - BENJAMIN CONSTANT,CHATA,FIBRA,7.5,1.55,0.5,1.0,150,40,1,10,3,1,16,8,1,0.5,45.0
CURRALINHO - OEIRAS DO PARA,LANCHA,ALUMINIO,10.0,2.7,0.9,1.1,250,20,1,20,4,0,36,0,2,0.4,30.0
CURRALINHO - OEIRAS DO PARA,LANCHA,ALUMINIO,6.0,2.5,1.0,1.3,120,25,1,23,6,0,32,0,2,0.4,27.0
SANTANA - LARANJAL  DO JARI,PASSAGEIRO/CARGA GERAL,MADEIRA,25.7,6.2,1.57,2.0,270,16,2,93,20,2,145,80,6,26.0,700.0
BELEM - MUANA,PASSAGEIRO/CARGA GERAL,MADEIRA,24.2,5.8,1.72,2.0,367,12,1,100,25,1,100,80,3,8.0,150.0
BELEM - CACHOEIRA DO ARARI,LANCHA,ALUMINIO,20.0,3.75,0.6,1.15,600,28,1,23,6,1,79,0,3,2.5,250.0
MANAUS - NOVO AIRAO,PASSAGEIRO/CARGA GERAL,MADEIRA,26.0,7.2,2.1,2.35,480,14,1,55,10,1,96,45,5,9.0,600.0
BELEM - BAGRE,PASSAGEIRO/CARGA GERAL,MADEIRA,30.0,6.0,1.5,2.0,410,12,1,120,20,1,80,120,6,15.0,700.0
BELEM - CHAVES,PASSAGEIRO/CARGA GERAL,MADEIRA,16.0,3.8,1.0,1.5,114,12,1,13,4,1,12,10,3,18.0,350.0
SANTAREM - CACHOEIRA DO ARUA,PASSAGEIRO/CARGA GERAL,MADEIRA,18.0,4.3,1.0,1.25,160,14,1,18,5,1,45,18,3,10.0,400.0
SANTANA - LARANJAL  DO JARI,PASSAGEIRO/CARGA GERAL,MADEIRA,25.0,6.0,1.6,2.0,290,18,2,150,28,1,82,100,6,21.0,600.0
SANTAREM - SAO PEDRO,PASSAGEIRO/CARGA GERAL,MADEIRA,17.2,4.5,1.2,1.3,125,15,1,25,4,1,45,18,3,5.0,125.0
TEFE - UARINI,PASSAGEIRO/CARGA GERAL,MADEIRA,7.2,2.5,0.7,1.0,200,40,1,109,21,1,25,0,2,6.0,250.0
VITORIA DO XINGU - PORTO DE MOZ,LANCHA,ALUMINIO,21.0,3.6,1.0,1.7,410,20,1,35,7,0,80,0,3,3.0,250.0
SANTANA - GURUPA,PASSAGEIRO/CARGA GERAL,MADEIRA,21.0,4.8,1.0,1.45,180,14,2,35,9,2,50,30,6,7.0,250.0
BELEM - SAO FRANCISCO,LANCHA,ALUMINIO,22.9,4.38,0.8,2.2,400,26,2,45,12,1,120,0,3,4.210924369747899,625.0
BELEM - SAO FRANCISCO,LANCHA,ALUMINIO,15.0,3.0,1.5,1.8,450,25,1,26,8,1,113,0,3,4.210924369747899,90.0
BELEM - CAMARA,CATAMARA PASSAGEIRO,FIBRA,20.0,6.83,0.8,1.8,520,26,2,15,4,1,137,16,4,1.4,505.0
BELEM - PONTA DE PEDRAS,CATAMARA PASSAGEIRO,ALUMINIO,28.0,8.0,1.8,2.68,550,19,2,30,7,2,239,0,4,1.8,300.0
SANTAREM - ALENQUER,PASSAGEIRO/CARGA GERAL,MADEIRA,32.0,7.4,2.0,2.6,400,15,1,110,20,2,160,90,6,6.0,500.0
ORIXIMINA - JURUTI,PASSAGEIRO,MADEIRA,15.0,4.0,1.2,1.6,160,12,1,30,5,0,45,30,2,5.0,150.0
CAMETA - MOCAJUBA,PASSAGEIRO/CARGA GERAL,MADEIRA,23.2,5.0,1.0,1.8,180,15,1,35,8,0,61,30,4,3.0,80.0
CAMETA - MOCAJUBA,LANCHA,ALUMINIO,17.2,2.4,0.8,1.0,200,20,1,35,7,0,60,0,2,1.5,80.0
BARREIRINHA - MAUES,PASSAGEIRO/CARGA GERAL,MADEIRA,17.0,6.0,1.9,2.3,114,12,1,50,8,1,75,40,3,12.0,200.0
MANAUS - URUCURITUBA,PASSAGEIRO/CARGA GERAL,MADEIRA,22.0,5.6,1.5,1.85,180,12,1,62,21,2,69,50,3,11.0,400.0
MANAUS - NOVO ARIPUANA,PASSAGEIRO/CARGA GERAL,MADEIRA,26.2,6.41,1.6,2.25,550,12,1,68,11,1,100,60,2,9.0,500.0
SANTAREM - PARINTINS,PASSAGEIRO/CARGA GERAL,MADEIRA,27.0,6.4,1.8,2.0,315,14,2,180,37,2,96,157,6,8.0,700.0
SANTAREM - PORTO TROMBETAS,PASSAGEIRO/CARGA GERAL,ACO NAVAL,34.86,7.2,1.96,2.4,600,12,2,180,30,2,260,146,7,4.0,200.0
SANTAREM - ORIXIMINA,PASSAGEIRO/CARGA GERAL,ACO NAVAL,37.0,8.0,2.22,2.7,600,13,1,450,85,2,266,406,7,10.0,700.0
BAGRE - BREVES,LANCHA,ALUMINIO,20.0,4.6,1.5,1.7,477,23,1,15,4,1,48,0,3,3.0,75.0
BREVES - PORTEL,LANCHA,ALUMINIO,25.0,5.0,0.7,2.5,290,22,2,20,4,1,87,0,2,2.0,160.0
BREVES - PORTEL,LANCHA,ALUMINIO,21.99,3.9,1.0,2.0,360,25,2,16,5,1,98,12,3,1.7,150.0
TEFE - UARINI,PASSAGEIRO/CARGA GERAL,MADEIRA,23.0,6.0,1.6,1.8,100,12,1,60,12,1,12,50,3,6.0,120.0
MANAUS - BERURI,PASSAGEIRO/CARGA GERAL,MADEIRA,26.5,6.0,1.62,2.2,280,12,1,28,8,1,72,22,6,12.0,400.0
MANAUS - JANAUACA,PASSAGEIRO/CARGA GERAL,MADEIRA,19.0,4.0,1.85,2.2,160,10,1,35,5,1,65,30,2,5.0,200.0
ANAJAS - BREVES,PASSAGEIRO/CARGA GERAL,MADEIRA,25.0,6.0,1.5,2.2,450,14,1,65,12,2,75,50,3,15.0,300.0
ICOARACI - COTIJUBA,PASSAGEIRO,MADEIRA,14.0,3.8,1.2,1.6,270,16,1,25,6,1,66,0,3,0.6,20.0
MACAPA - BAILIQUE,PASSAGEIRO/CARGA GERAL,MADEIRA,19.0,4.5,1.0,1.8,240,14,1,16,4,2,60,12,3,12.0,220.0
TABATINGA - BENJAMIN CONSTANT,CHATA,FIBRA,7.2,1.9,0.7,1.0,200,40,1,10,3,1,16,8,1,0.5,50.0
MACAPA - BREVES,PASSAGEIRO/CARGA GERAL,ACO NAVAL,24.0,6.0,1.2,1.6,270,15,2,100,20,5,100,80,4,14.0,700.0
ITAITUBA - AVEIRO,PASSAGEIRO/CARGA GERAL,MADEIRA,18.0,4.0,1.0,1.2,200,12,1,24,5,1,45,20,3,7.0,150.0
MACAPA - BAILIQUE,PASSAGEIRO/CARGA GERAL,MADEIRA,20.0,5.2,1.7,2.3,280,14,1,100,24,1,100,88,4,12.0,225.0
SANTAREM - CACHOEIRA DO ARUA,PASSAGEIRO,MADEIRA,21.0,7.5,1.2,1.4,160,14,1,20,5,1,50,20,2,8.0,250.0
MUANA - CACHOEIRA DO ARARI,PASSAGEIRO/CARGA GERAL,MADEIRA,20.0,4.8,2.31,2.5,150,20,1,60,13,1,30,44,4,9.0,150.0
BAGRE - BREVES,PASSAGEIRO/CARGA GERAL,MADEIRA,20.0,4.0,1.3,1.5,114,10,1,58,12,1,36,36,4,3.0,50.0
TABATINGA - BENJAMIN CONSTANT,CHATA,FIBRA,7.82,1.7,0.6,1.0,200,30,1,16,3,0,22,12,1,0.5,40.0
JURUTI - JURUTI VELHO,PASSAGEIRO/CARGA GERAL,MADEIRA,17.83,4.0,0.97,1.3,114,10,2,21,4,0,64,20,2,3.0,50.0
SANTAREM - ARAPIUNS,PASSAGEIRO/CARGA GERAL,MADEIRA,16.8,4.8,1.2,1.4,156,15,2,55,12,2,77,48,3,8.0,200.0
PORTO VELHO - CALAMA,CHATA,MADEIRA,25.2,6.0,1.8,3.2,357,16,1,100,20,1,90,75,3,8.0,400.0
MANAUS - BERURI,PASSAGEIRO/CARGA GERAL,MADEIRA,29.0,6.4,2.4,2.6,400,15,1,168,40,1,140,150,4,18.0,700.0
ICOARACI - COTIJUBA,PASSAGEIRO,MADEIRA,21.0,4.0,0.8,1.2,150,11,1,29,7,1,88,0,3,0.8,30.0
MANAUS - CAAPIRANGA,PASSAGEIRO/CARGA GERAL,MADEIRA,20.0,7.0,1.2,1.9,160,12,1,109,21,1,64,35,3,12.0,400.0
MACAPA - CHAVES,PASSAGEIRO/CARGA GERAL,MADEIRA,24.0,6.8,1.7,2.0,190,15,1,93,19,1,105,80,5,6.0,250.0
SANTAREM - ALENQUER,PASSAGEIRO/CARGA GERAL,MADEIRA,25.7,6.4,1.69,2.7,360,14,1,400,78,1,142,330,4,5.0,200.0
SANTAREM - AVEIRO,PASSAGEIRO/CARGA GERAL,MADEIRA,27.5,6.0,1.8,2.0,373,15,1,100,20,2,100,85,4,14.0,600.0
MACAPA - BAILIQUE,PASSAGEIRO/CARGA GERAL,MADEIRA,16.5,4.3,0.7,1.17,114,12,1,105,18,1,35,90,3,8.0,140.0
SANTAREM -  CURICACA,PASSAGEIRO/CARGA GERAL,MADEIRA,23.6,3.7,1.6,2.0,160,15,1,16,3,1,66,14,3,8.0,100.0
TABATINGA - BENJAMIN CONSTANT,CHATA,FIBRA,17.75,2.25,0.69,0.8,200,40,1,13,3,1,14,10,1,0.5,45.0
SANTAREM - LAGO GRANDE,PASSAGEIRO/CARGA GERAL,MADEIRA,18.3,3.75,1.2,1.7,160,15,1,11,3,0,40,10,2,6.0,80.0
SANTAREM - CURUA,PASSAGEIRO/CARGA GERAL,MADEIRA,12.0,3.6,1.2,2.3,114,15,1,15,5,1,37,12,2,4.0,80.0
ICOARACI - COTIJUBA,PASSAGEIRO,MADEIRA,16.5,3.4,1.5,1.8,125,12,1,62,14,1,80,0,3,0.6,30.0
BELEM - PONTA DE PEDRAS,OUTRO,MADEIRA,21.0,2.9,1.6,2.0,114,20,1,29,7,1,15,20,3,4.0,70.0
SANTAREM - ALENQUER,PASSAGEIRO/CARGA GERAL,MADEIRA,24.0,6.0,1.26,2.3,200,10,2,135,26,2,99,100,4,5.0,200.0
VITORIA DO XINGU - ALMEIRIM,PASSAGEIRO/CARGA GERAL,MADEIRA,19.0,5.0,1.5,1.8,270,10,1,45,12,2,60,40,5,14.0,400.0
TABATINGA - BENJAMIN CONSTANT,CHATA,FIBRA,7.16,1.76,0.45,1.0,150,15,1,7,3,1,14,6,1,0.5,45.0
BELEM - ACARA,PASSAGEIRO/CARGA GERAL,MADEIRA,17.0,3.95,0.8,1.1,350,12,1,18,4,2,25,16,3,3.0,60.0
SANTAREM - SURUACA,LANCHA,MADEIRA,19.5,4.5,1.0,1.9,114,25,1,22,5,1,53,22,3,6.0,220.0
ICOARACI - COTIJUBA,PASSAGEIRO,MADEIRA,14.8,2.85,0.75,1.0,125,12,1,29,7,1,60,0,3,0.8,20.0
JURUTI - OBIDOS,PASSAGEIRO/CARGA GERAL,MADEIRA,19.96,4.8,1.09,1.5,170,10,1,28,5,1,47,23,3,5.0,80.0
BELEM - SANTA CRUZ DO ARARI,PASSAGEIRO/CARGA GERAL,MADEIRA,20.0,4.2,1.8,2.5,200,17,2,55,10,2,40,50,4,5.0,250.0
SANTAREM - ARAPIUNS,PASSAGEIRO/CARGA GERAL,MADEIRA,17.0,3.5,1.1,2.0,160,15,1,15,4,1,25,14,2,8.0,250.0
BELEM - SANTA CRUZ DO ARARI,LANCHA,MADEIRA,22.0,5.1,1.5,1.9,375,14,1,68,10,2,81,55,4,6.0,300.0
PARINTINS - MAUES,PASSAGEIRO/CARGA GERAL,MADEIRA,25.8,7.8,1.8,2.3,315,18,1,120,25,1,84,98,4,16.0,300.0
TABATINGA - BENJAMIN CONSTANT,CHATA,FIBRA,7.62,2.29,2.3,2.8,250,30,1,11,3,0,18,9,1,0.5,40.0
MANAUS - MANAQUIRI,PASSAGEIRO/CARGA GERAL,MADEIRA,10.0,3.0,1.5,2.0,130,30,1,109,21,0,38,0,2,2.0,220.0
MANAUS - RIO PRETO DA EVA,PASSAGEIRO/CARGA GERAL,MADEIRA,22.8,5.8,1.8,2.3,200,13,1,90,20,2,96,70,3,9.0,400.0
MANAUS - BORBA,PASSAGEIRO/CARGA GERAL,MADEIRA,24.1,6.18,1.4,1.9,270,11,1,40,6,2,93,32,5,23.0,700.0
BELEM - BOA VISTA DO ACARA,PASSAGEIRO,MADEIRA,12.6,2.8,1.7,2.1,190,10,1,18,4,0,45,8,3,0.5,7.0
CAMETA - TUCURUI,PASSAGEIRO/CARGA GERAL,MADEIRA,20.0,3.8,2.0,2.3,114,10,1,25,4,0,50,20,4,10.0,200.0
MANAUS - CAREIRO DA VARZEA,LANCHA,ALUMINIO,18.0,4.2,1.3,1.9,460,20,1,35,7,1,60,0,2,2.0,150.0
MACAPA - BAILIQUE,PASSAGEIRO/CARGA GERAL,MADEIRA,27.0,6.3,1.2,1.9,315,13,1,105,18,2,88,90,4,12.0,300.0
ICOARACI - COTIJUBA,PASSAGEIRO,MADEIRA,16.96,2.96,0.49,1.0,160,14,1,29,7,1,68,0,3,0.8,30.0
MANAUS - CAREIRO DA VARZEA,LANCHA,ALUMINIO,19.0,3.8,0.9,1.5,400,28,1,35,7,0,60,0,2,2.0,150.0
ICOARACI - COTIJUBA,PASSAGEIRO,MADEIRA,18.0,3.7,1.2,1.6,270,12,1,29,7,1,100,0,3,0.8,30.0
ICOARACI - COTIJUBA,PASSAGEIRO/CARGA GERAL,MADEIRA,17.0,2.8,2.0,2.5,170,18,2,19,6,2,100,15,3,0.8,40.0
MANAUS - CAREIRO DA VARZEA,LANCHA,ALUMINIO,16.0,5.0,0.9,1.3,480,25,1,35,7,0,45,0,2,2.0,150.0
MANAUS - AUTAZES,PASSAGEIRO/CARGA GERAL,MADEIRA,25.0,7.0,1.5,1.9,200,12,2,136,25,2,99,117,4,8.0,300.0
BOA VISTA DO RAMOS - MAUES,CHATA,MADEIRA,22.0,5.5,1.2,1.6,200,12,1,25,5,2,35,15,2,2.5,300.0
ABAETETUBA - LIMOEIRO DO AJURU,PASSAGEIRO/CARGA GERAL,MADEIRA,25.0,3.0,1.0,1.5,300,14,1,20,6,1,45,0,2,4.0,200.0
SANTAREM - ITAITUBA,PASSAGEIRO/CARGA GERAL,MADEIRA,21.0,5.8,1.6,2.6,160,17,1,36,7,2,77,30,4,11.0,500.0
MACAPA - BAILIQUE,PASSAGEIRO/CARGA GERAL,MADEIRA,23.37,5.8,1.55,1.83,180,17,1,95,20,1,100,70,7,12.0,300.0
SANTA CRUZ DO ARARI - CACHOEIRA DO ARARI,LANCHA,ALUMINIO,13.0,3.0,1.0,1.8,490,30,1,33,7,0,16,0,2,1.8,90.0
ICOARACI - COTIJUBA,PASSAGEIRO,MADEIRA,12.0,3.2,0.45,1.0,190,12,1,29,7,1,60,0,3,0.8,30.0
SANTAREM - CACHOEIRA DO ARUA,PASSAGEIRO/CARGA GERAL,MADEIRA,21.0,5.3,1.65,2.15,180,10,1,80,16,2,95,68,4,6.0,185.0
MANAUS - CAREIRO DA VARZEA,LANCHA,ALUMINIO,16.0,4.2,1.3,1.9,390,30,1,35,7,0,60,0,2,2.0,150.0
MANAUS - CAREIRO DA VARZEA,PASSAGEIRO/CARGA GERAL,ACO NAVAL,37.0,7.51,1.02,1.54,250,13,2,198,35,1,80,150,6,2.0,200.0
BREVES - PORTEL,LANCHA,ALUMINIO,18.0,2.0,0.8,1.0,290,28,2,33,7,0,61,0,2,1.7,130.0
SANTAREM - TERRA SANTA,PASSAGEIRO/CARGA GERAL,MADEIRA,26.7,6.2,1.38,1.85,315,14,1,80,15,1,99,60,7,20.0,500.0
BELEM - SAO SEBASTIAO DA BOA VISTA,PASSAGEIRO/CARGA GERAL,MADEIRA,29.0,6.9,1.7,2.0,315,14,1,120,20,2,170,110,6,7.0,300.0
MANAUS - NOVA ALIANCA,LANCHA,ALUMINIO,17.2,3.85,1.0,1.3,250,25,1,35,7,1,70,0,2,2.0,150.0
BELEM - SAO FRANCISCO,LANCHA,ALUMINIO,21.7,3.8,0.45,1.15,400,28,2,15,5,0,95,7,3,0.8,70.0
MANAUS - TERRA NOVA,LANCHA,ALUMINIO,17.95,3.0,0.8,1.1,250,25,1,35,7,1,60,0,2,1.8,200.0
MANAUS - CAREIRO DA VARZEA,LANCHA,ALUMINIO,18.0,4.2,1.0,1.4,420,22,1,35,7,0,65,0,2,2.0,150.0
ANORI - MANACAPURU,PASSAGEIRO/CARGA GERAL,MADEIRA,21.0,4.8,1.0,1.45,180,14,1,109,21,1,40,0,2,8.0,500.0
BREVES - PORTEL,LANCHA,ACO NAVAL,25.0,3.5,0.8,1.5,600,19,2,20,4,1,114,0,2,1.7,140.0
ICOARACI - COTIJUBA,PASSAGEIRO/CARGA GERAL,MADEIRA,13.0,3.2,0.8,1.6,313,10,1,40,7,1,50,0,2,0.8,50.0
ANORI - MANACAPURU,LANCHA,MADEIRA,21.0,5.7,2.0,2.8,170,20,1,28,5,1,45,0,2,8.0,500.0
BELEM - BARCARENA,LANCHA,ALUMINIO,21.0,4.5,1.5,1.9,420,25,1,30,4,0,70,0,3,0.8,60.0
BELEM - MUANA,LANCHA,ALUMINIO,20.0,2.0,1.2,1.4,1800,26,2,20,6,1,98,0,3,3.0,400.0
CAMETA - LIMOEIRO DO AJURU,LANCHA,ALUMINIO,19.0,2.9,1.2,1.4,420,28,1,35,7,1,82,0,3,2.0,100.0
ALENQUER - CURUA,LANCHA,ALUMINIO,16.0,4.0,0.9,1.2,650,15,1,35,7,1,30,0,2,1.0,50.0
MANAUS - JANAUACA,PASSAGEIRO,ALUMINIO,18.0,8.0,1.0,1.8,170,12,2,42,8,1,55,35,2,1.5,250.0
BREVES - PORTEL,LANCHA,ALUMINIO,19.4,3.2,0.5,2.2,200,23,2,10,8,1,54,5,2,1.8,100.0
MANAUS - JANAUACA,PASSAGEIRO,ALUMINIO,18.0,3.0,1.0,1.3,190,18,1,26,4,0,70,19,2,1.8,150.0
MANAUS - CAREIRO DA VARZEA,PASSAGEIRO,ALUMINIO,21.3,3.8,1.1,1.45,550,25,1,40,7,0,91,0,2,1.0,70.0
MANAUS - CAREIRO DA VARZEA,PASSAGEIRO,ALUMINIO,17.0,3.0,1.0,1.2,290,25,1,25,4,0,54,20,1,1.0,70.0
BELEM - SAO FRANCISCO,LANCHA,ALUMINIO,16.0,3.2,1.4,2.0,400,25,1,32,5,1,78,0,2,0.8,90.0
BELEM - SAO FRANCISCO,LANCHA,ALUMINIO,19.0,3.5,2.0,2.4,410,21,1,20,6,1,70,0,3,0.8,60.0
PORTO DE MOZ - GURUPA,LANCHA,ALUMINIO,8.0,2.0,1.0,1.4,150,18,1,30,8,1,20,0,2,2.0,80.0
BELEM - BARCARENA,LANCHA,ALUMINIO,19.72,3.57,0.8,1.4,125,20,1,15,5,0,90,0,3,0.8,80.0
PORTO DE MOZ - GURUPA,LANCHA,ALUMINIO,12.0,2.8,1.0,1.3,350,18,1,26,5,1,25,0,2,2.0,60.0
MANAUS - PARANA DA EVA,LANCHA,ALUMINIO,21.1,3.1,1.0,1.2,552,15,2,28,7,0,64,0,2,3.0,150.0
BELEM - SOURE,LANCHA,ALUMINIO,39.0,5.3,1.6,2.2,1600,25,2,480,85,2,171,400,4,2.0,600.0
MANAUS - CAREIRO DA VARZEA,LANCHA,ALUMINIO,17.0,4.0,0.8,1.4,390,25,1,35,7,0,50,0,2,2.0,150.0
MANAUS - CAREIRO DA VARZEA,LANCHA,ALUMINIO,16.0,6.0,0.9,1.2,400,30,1,17,3,1,56,0,1,1.0,200.0
MANAUS - TERRA NOVA,PASSAGEIRO,ALUMINIO,15.3,2.51,1.0,1.0,290,25,1,15,6,0,48,12,2,2.0,100.0
MANAUS - CACAU PEREIRA,PASSAGEIRO,ALUMINIO,16.0,2.6,1.0,1.8,250,24,1,23,5,0,56,18,1,0.3,10.0
BELEM - BARCARENA,LANCHA,ALUMINIO,19.0,4.0,2.0,2.0,480,25,1,60,12,0,80,0,3,0.8,60.0
BELEM - SAO FRANCISCO,LANCHA,ACO NAVAL,17.6,3.6,1.4,2.3,410,18,1,21,6,1,91,0,3,0.8,75.0
ICOARACI - COTIJUBA,LANCHA,ALUMINIO,19.92,4.0,0.75,1.35,580,20,2,15,5,1,95,11,4,1.7,100.0
ABAETETUBA - MUANA,LANCHA,ACO NAVAL,18.0,3.5,1.5,1.8,420,18,1,15,6,1,90,0,3,1.8,180.0
BERURI - MANACAPURU,LANCHA,MADEIRA,21.0,5.7,2.0,2.8,170,20,3,26,5,0,50,20,2,3.0,90.0
MANAUS - CAREIRO DA VARZEA,LANCHA,ALUMINIO,20.0,5.0,1.1,1.7,500,20,1,35,7,0,65,0,2,2.0,150.0
BELEM - LIMOEIRO DO AJURU,LANCHA,ALUMINIO,23.7,4.0,0.55,0.66,450,18,1,30,7,1,98,0,3,4.0,300.0
ABAETETUBA - LIMOEIRO DO AJURU,LANCHA,ALUMINIO,20.0,3.0,1.2,1.4,550,25,1,15,4,1,75,0,2,2.0,150.0
BERURI - MANACAPURU,LANCHA,MADEIRA,17.3,2.96,0.6,1.24,400,12,2,20,5,1,40,15,2,3.8,275.0
BELEM - SAO FRANCISCO,LANCHA,ALUMINIO,20.0,4.1,1.2,1.4,190,22,1,45,9,1,112,0,3,0.8,70.0
BELEM - SAO FRANCISCO,LANCHA,ALUMINIO,21.0,3.0,1.3,1.9,215,24,1,40,9,1,93,0,3,0.8,70.0
BELEM - BARCARENA,LANCHA,ALUMINIO,10.0,3.0,1.0,1.2,410,22,1,30,10,1,58,0,3,0.8,60.0
BELEM - PONTA DE PEDRAS,LANCHA,ACO NAVAL,30.0,6.5,2.2,3.1,500,25,1,30,8,1,220,0,5,2.3,90.0
MANAUS - CAREIRO DA VARZEA,PASSAGEIRO,ALUMINIO,17.6,3.1,1.6,1.75,250,25,1,25,5,0,70,20,2,1.0,150.0
BELEM - SANTA CRUZ DO ARARI,LANCHA,ALUMINIO,21.35,4.03,0.47,1.9,720,25,2,35,10,1,90,0,5,5.0,400.0
MANAUS - CAREIRO DA VARZEA,PASSAGEIRO,ALUMINIO,17.4,3.1,0.9,1.1,210,18,2,26,5,0,56,20,3,1.0,200.0
MANAUS - JANAUACA,PASSAGEIRO,ALUMINIO,18.0,3.6,1.3,1.6,215,14,2,46,7,1,85,40,2,2.0,200.0
MANAUS - MANAQUIRI,LANCHA,ALUMINIO,19.0,4.8,1.6,2.7,600,35,1,35,7,1,48,0,2,1.0,155.0
BELEM - BARCARENA,LANCHA,ALUMINIO,21.6,3.38,0.62,1.0,390,20,2,12,4,0,90,0,4,0.7,80.0
MANAUS - LAGO DO REI,LANCHA,ALUMINIO,15.6,3.0,1.2,1.6,290,20,2,25,5,1,50,0,3,4.0,200.0
OBIDOS - MANAUS,FERRY BOAT,ACO NAVAL,59.0,13.0,2.35,3.0,1200,12,2,1110,215,2,1330,890,10,40.0,350.0
SANTAREM -  CURICACA,PASSAGEIRO/CARGA GERAL,MADEIRA,19.0,4.6,1.2,2.0,114,17,2,20,4,2,45,18,3,8.0,60.0
ALENQUER - CURUA,PASSAGEIRO/CARGA GERAL,MADEIRA,15.75,3.75,1.3,1.4,400,13,1,15,2,1,30,13,2,3.0,50.0
BELEM - ACARA NOVO,PASSAGEIRO,MADEIRA,8.0,2.5,1.0,1.2,113,10,1,20,5,1,10,0,2,3.0,10.0
MACAPA - AFUA,PASSAGEIRO/CARGA GERAL,MADEIRA,22.8,6.18,1.67,2.15,190,17,1,65,13,1,78,50,4,5.0,250.0
MACAPA - ANAJAS,PASSAGEIRO/CARGA GERAL,MADEIRA,25.0,2.0,1.7,1.7,180,12,1,130,36,1,99,100,5,17.0,450.0
TABATINGA - BENJAMIN CONSTANT,CHATA,FIBRA,8.6,2.1,0.5,0.65,200,30,1,15,3,0,22,12,1,0.5,50.0
MAUES - RIO PARACUNI,PASSAGEIRO/CARGA GERAL,MADEIRA,20.0,6.0,1.8,2.1,240,15,3,72,15,2,75,60,4,10.0,155.0
MANAUS - MANACAPURU,PASSAGEIRO/CARGA GERAL,MADEIRA,24.0,6.0,1.9,2.4,190,16,1,72,12,1,80,56,3,2.0,200.0
TABATINGA - BENJAMIN CONSTANT,CHATA,FIBRA,8.0,2.1,0.4,1.0,200,40,1,11,3,1,18,8,1,0.5,45.0
SANTAREM - PRAINHA,PASSAGEIRO/CARGA GERAL,MADEIRA,24.0,6.0,1.9,2.75,315,13,1,140,29,2,82,120,4,7.0,450.0
MANAUS - MANICORE,PASSAGEIRO/CARGA GERAL,ACO NAVAL,41.02,9.0,2.06,2.6,600,18,1,142,25,2,303,120,7,8.0,700.0
BELEM - CACHOEIRA DO ARARI,PASSAGEIRO/CARGA GERAL,MADEIRA,13.0,4.0,1.5,2.5,280,15,2,160,28,1,98,138,4,6.0,350.0
BAGRE - BREVES,LANCHA,ALUMINIO,20.0,4.0,0.71,2.0,464,25,1,5,2,1,55,4,4,2.0,100.0
BELEM - BOA VISTA DO ACARA,PASSAGEIRO,MADEIRA,13.0,2.6,0.8,1.0,114,10,1,8,5,1,35,10,2,0.5,8.0
TABATINGA - BENJAMIN CONSTANT,CHATA,FIBRA,7.2,1.9,0.6,1.0,200,32,1,11,3,1,17,8,1,0.5,45.0
SANTAREM - ARAPIUNS,PASSAGEIRO/CARGA GERAL,MADEIRA,17.0,4.6,1.2,1.4,500,12,1,20,4,1,50,20,2,10.0,350.0
ORIXIMINA - PORTO TROMBETAS,PASSAGEIRO/CARGA GERAL,MADEIRA,24.7,6.3,1.92,2.4,313,12,1,190,34,0,100,162,5,4.0,350.0
MANAUS - CAREIRO DA VARZEA,LANCHA,ALUMINIO,18.0,5.0,1.2,1.75,420,30,1,35,7,0,50,0,2,2.0,150.0
BELEM - MUANA,PASSAGEIRO/CARGA GERAL,ACO NAVAL,41.0,8.6,1.2,3.0,915,16,1,300,50,2,322,248,4,5.0,500.0
MANAUS - CODAJAS,PASSAGEIRO/CARGA GERAL,MADEIRA,22.0,6.0,1.3,1.9,367,12,1,75,15,1,65,60,4,14.0,600.0
BELEM - BOA VISTA DO ACARA,PASSAGEIRO,MADEIRA,14.0,2.0,0.7,1.5,149,10,1,16,4,0,46,10,2,0.5,5.0
SANTAREM - ARAPIUNS,PASSAGEIRO/CARGA GERAL,MADEIRA,18.0,5.0,1.2,1.4,300,15,1,50,10,1,80,42,2,8.0,200.0
CAMETA - LIMOEIRO DO AJURU,PASSAGEIRO/CARGA GERAL,MADEIRA,24.0,3.9,1.3,1.6,200,15,1,68,15,0,30,60,3,3.0,60.0
ABAETETUBA - LIMOEIRO DO AJURU,LANCHA,ALUMINIO,22.8,2.81,0.7,1.0,215,22,2,18,5,1,90,0,3,2.0,145.0
MACAPA - AFUA,PASSAGEIRO,MADEIRA,21.0,4.9,1.0,3.0,190,10,1,30,7,1,47,25,3,4.0,400.0
AUTAZES - ITACOATIARA,CHATA,MADEIRA,21.0,5.7,2.0,2.8,170,20,3,18,3,2,50,15,6,6.0,150.0
ITAITUBA - AVEIRO,PASSAGEIRO/CARGA GERAL,MADEIRA,17.5,4.1,0.8,1.2,160,12,1,18,6,1,33,18,3,8.0,120.0
BELEM - ARAPARI,PASSAGEIRO/CARGA GERAL,ACO NAVAL,34.0,6.0,1.5,2.2,550,14,1,23,8,1,410,0,4,0.8,23.0
GURUPA - BREVES,PASSAGEIRO/CARGA GERAL,MADEIRA,20.0,5.5,1.5,1.8,400,12,1,50,12,1,60,45,2,14.0,300.0
MANAUS - CAREIRO DA VARZEA,LANCHA,ALUMINIO,18.0,3.8,1.3,1.6,380,28,1,35,7,0,50,0,2,2.0,150.0
MANAUS - CAREIRO DA VARZEA,LANCHA,ALUMINIO,17.0,3.8,1.4,1.9,390,30,1,35,7,0,60,0,2,2.0,150.0
BELEM - BARCARENA,LANCHA,ALUMINIO,25.0,3.5,2.0,3.0,440,29,1,25,3,1,89,0,3,0.8,60.0
SANTAREM - CACHOEIRA DO ARUA,PASSAGEIRO/CARGA GERAL,MADEIRA,13.8,3.73,0.6,1.0,156,15,2,5,2,1,40,5,3,10.0,300.0
ABAETETUBA - MUANA,PASSAGEIRO,MADEIRA,22.68,5.47,1.0,1.8,270,10,1,55,8,1,83,50,4,3.5,200.0
AUTAZES - BORBA,CHATA,MADEIRA,17.0,6.0,1.5,2.0,114,16,1,20,3,1,60,15,3,12.0,300.0
MACAPA - BAILIQUE,PASSAGEIRO/CARGA GERAL,MADEIRA,20.0,6.0,2.0,2.5,190,12,2,75,18,1,60,60,5,12.0,300.0
MANAUS - BERURI,PASSAGEIRO/CARGA GERAL,MADEIRA,20.0,5.5,1.4,1.5,160,12,1,110,20,1,87,80,3,9.0,600.0
BELEM - BARCARENA,LANCHA,ALUMINIO,17.0,3.45,1.2,1.9,215,22,1,18,5,0,88,0,3,0.8,70.0
BELEM - SAO FRANCISCO,LANCHA,ALUMINIO,22.0,3.45,1.2,1.6,550,24,1,18,4,1,102,0,3,0.8,75.0
SANTAREM - CURUA,PASSAGEIRO/CARGA GERAL,MADEIRA,21.8,5.6,1.1,1.8,200,10,2,58,12,2,80,50,4,7.0,150.0
SANTAREM - ARAPIUNS,PASSAGEIRO/CARGA GERAL,MADEIRA,16.0,4.8,1.2,1.4,610,10,2,19,5,0,45,16,2,10.0,350.0
ICOARACI - COTIJUBA,PASSAGEIRO,MADEIRA,28.0,6.2,1.35,1.7,800,15,2,40,9,2,350,0,4,0.8,50.0
BARREIRINHA - BOA VISTA DO RAMOS,LANCHA,ALUMINIO,9.0,2.3,1.0,1.3,150,15,1,17,3,0,32,15,2,2.0,150.0
SANTAREM - ITAITUBA,LANCHA,ALUMINIO,29.0,5.6,0.8,1.4,1200,26,1,35,7,1,138,0,3,6.0,600.0
SANTAREM - PORTO DE MOZ,LANCHA,ALUMINIO,19.0,3.1,1.0,1.6,475,25,1,35,7,1,65,0,3,10.0,700.0
PARINTINS - BARREIRINHA,LANCHA,ALUMINIO,10.0,3.0,1.5,2.0,130,12,1,8,2,0,35,0,2,5.0,500.0
MANAUS - CACAU PEREIRA,PASSAGEIRO,ALUMINIO,15.0,3.1,0.5,1.15,290,20,1,26,5,0,50,20,5,0.3,10.0
PORTO DE MOZ - GURUPA,LANCHA,ALUMINIO,15.0,3.0,1.3,1.5,500,20,1,25,5,1,32,0,2,1.8,100.0
MANAUS - CACAU PEREIRA,LANCHA,ALUMINIO,13.75,2.4,1.25,1.73,390,22,2,35,7,0,49,0,1,0.3,9.0
BARREIRINHA - PEDRAS,LANCHA,ALUMINIO,11.0,4.1,1.5,2.0,150,15,1,16,3,0,30,12,2,1.0,50.0
MANAUS - CACAU PEREIRA,PASSAGEIRO,ALUMINIO,17.3,2.2,0.4,1.1,294,24,1,35,8,0,64,28,3,0.3,10.0
BOA VISTA DO RAMOS - MAUES,LANCHA,MADEIRA,18.0,3.0,1.0,2.5,144,12,1,22,5,2,40,18,2,2.5,300.0
BOA VISTA DO RAMOS - MAUES,PASSAGEIRO,ALUMINIO,8.0,2.3,1.0,1.5,150,15,1,16,5,0,22,12,2,1.3,55.0
ORIXIMINA - MANAUS,LANCHA,ALUMINIO,21.5,3.4,1.5,1.9,950,20,1,10,2,1,90,8,3,12.0,400.0
PARINTINS - TERRA SANTA,LANCHA,MADEIRA,10.0,3.0,1.5,2.0,130,18,1,28,5,0,45,0,2,1.3,60.0
BELEM - MUANA,PASSAGEIRO/CARGA GERAL,MADEIRA,26.0,6.0,1.7,2.1,315,12,1,100,20,1,110,90,6,8.0,130.0
ICOARACI - COTIJUBA,PASSAGEIRO,MADEIRA,17.0,4.0,1.5,2.4,190,18,1,20,5,0,100,0,3,0.8,15.0
SANTAREM - SURUACA,PASSAGEIRO/CARGA GERAL,MADEIRA,17.0,5.0,1.0,1.9,450,15,1,30,5,1,50,25,2,6.0,220.0
ALENQUER - CURUA,LANCHA,ALUMINIO,18.0,3.8,1.0,1.2,700,20,1,35,7,1,30,0,2,0.8,60.0
ICOARACI - COTIJUBA,PASSAGEIRO,MADEIRA,11.1,2.88,0.6,0.95,213,12,1,29,7,1,50,0,2,0.8,30.0
SANTAREM - SANTANA DO TAPARA,LANCHA,ALUMINIO,12.0,2.4,1.0,1.8,500,25,1,35,7,0,35,0,1,2.0,87.0
BELEM - ARAPARI,LANCHA,ALUMINIO,19.0,5.4,1.2,1.6,410,29,1,30,10,1,140,0,3,0.5,80.0
TEFE - UARINI,LANCHA,ALUMINIO,11.0,3.0,0.75,1.2,2100,16,2,11,3,0,38,8,2,24.0,160.0
BELEM - SAO FRANCISCO,LANCHA,ALUMINIO,17.0,3.45,1.2,1.9,215,22,1,28,6,0,100,0,3,0.8,70.0
MANAUS - CAREIRO DA VARZEA,LANCHA,ALUMINIO,22.0,4.3,1.15,1.75,480,25,1,35,7,0,55,0,2,2.0,150.0
MACAPA - CHAVES,PASSAGEIRO/CARGA GERAL,MADEIRA,23.0,5.3,1.2,1.8,270,15,3,95,21,2,76,81,4,6.0,300.0
MACAPA - ANAJAS,PASSAGEIRO/CARGA GERAL,MADEIRA,27.0,6.8,1.2,2.1,315,15,2,132,25,2,140,120,5,14.0,600.0
BELEM - BARCARENA,LANCHA,ALUMINIO,19.5,5.7,1.2,1.8,350,21,1,23,6,1,80,0,4,0.8,70.0
BELEM - MUANA,PASSAGEIRO/CARGA GERAL,ACO NAVAL,38.0,8.0,1.7,2.8,375,17,2,200,35,2,350,180,4,5.0,350.0
BELEM - PONTA DE PEDRAS,PASSAGEIRO/CARGA GERAL,ACO NAVAL,29.7,6.5,1.52,2.02,450,14,1,100,18,1,218,100,4,2.7,225.0
MANAUS - URUCARA,PASSAGEIRO/CARGA GERAL,MADEIRA,26.0,7.0,1.8,2.5,420,16,3,150,21,2,105,120,6,12.0,250.0
MANAUS - BOA VISTA DO RAMOS,PASSAGEIRO/CARGA GERAL,ACO NAVAL,29.0,7.8,1.8,2.3,420,12,1,360,75,2,311,320,6,17.0,500.0
MANAUS - RIO PRETO DA EVA,PASSAGEIRO/CARGA GERAL,MADEIRA,24.0,6.0,2.15,2.8,315,15,3,40,10,2,88,34,3,8.0,400.0
MANAUS - AUTAZES,PASSAGEIRO/CARGA GERAL,MADEIRA,22.7,6.1,1.8,2.6,160,10,1,50,12,2,67,40,3,8.0,200.0
MANAUS - JUMA,PASSAGEIRO/CARGA GERAL,MADEIRA,20.0,5.5,1.5,2.1,160,12,2,42,7,1,65,35,4,13.0,400.0
SANTAREM - ALENQUER,PASSAGEIRO/CARGA GERAL,MADEIRA,31.0,6.8,2.1,2.7,420,10,1,190,30,2,132,150,4,5.0,200.0
MACAPA - ANAJAS,PASSAGEIRO/CARGA GERAL,MADEIRA,23.0,5.3,1.8,2.4,180,14,1,79,16,1,100,70,6,15.0,450.0
PORTO VELHO - MANICORE,PASSAGEIRO/CARGA GERAL,MADEIRA,27.3,7.0,1.67,2.2,315,12,1,140,24,1,134,103,4,10.0,400.0
BELEM - CAMARA,PASSAGEIRO/CARGA GERAL,ACO NAVAL,60.0,12.0,1.4,3.0,600,14,2,30,4,2,870,0,6,1.5,600.0
MANACAPURU - CAAPIRANGA,CHATA,MADEIRA,18.0,3.4,2.0,3.15,430,20,1,25,4,1,55,20,2,6.0,300.0
MANAUS - CAREIRO DA VARZEA,LANCHA,ALUMINIO,18.0,4.1,1.1,1.7,420,28,1,35,7,0,60,0,2,2.0,150.0
SANTA CRUZ DO ARARI - CACHOEIRA DO ARARI,LANCHA,ALUMINIO,10.0,2.2,0.9,1.3,150,25,1,18,5,0,20,0,2,2.0,120.0
ICOARACI - COTIJUBA,PASSAGEIRO,MADEIRA,16.0,4.0,0.8,1.1,180,14,1,33,8,1,65,0,3,0.8,40.0
BELEM - ARAPARI,PASSAGEIRO,MADEIRA,26.0,6.0,1.6,1.8,367,15,1,15,7,1,271,0,3,0.8,20.0
MANAUS - NOVA OLINDA DO NORTE,PASSAGEIRO/CARGA GERAL,MADEIRA,34.4,8.2,2.25,2.8,600,18,2,160,30,2,178,130,5,12.0,700.0
MANAUS - NOVO AIRAO,PASSAGEIRO/CARGA GERAL,MADEIRA,25.5,7.6,1.82,2.15,460,14,1,72,12,1,121,60,3,9.0,700.0
SANTAREM - ARAPIUNS,PASSAGEIRO/CARGA GERAL,MADEIRA,16.0,2.5,1.0,1.9,300,15,1,12,3,1,40,10,3,10.0,350.0
GURUPA - BREVES,PASSAGEIRO/CARGA GERAL,MADEIRA,23.0,6.0,1.7,1.7,147,12,2,80,20,2,70,75,6,12.0,200.0
CAMETA - TUCURUI,PASSAGEIRO/CARGA GERAL,MADEIRA,20.0,4.0,0.9,1.6,200,20,2,10,4,1,40,5,3,13.0,500.0
SANTAREM - GURUPA,PASSAGEIRO/CARGA GERAL,MADEIRA,15.0,4.0,1.0,1.2,114,15,1,30,5,1,35,30,2,7.0,75.0
SANTAREM - MONTE ALEGRE,PASSAGEIRO/CARGA GERAL,MADEIRA,31.0,6.0,1.2,1.5,420,15,1,60,15,2,135,60,5,5.0,250.0
BELEM - CHAVES,OUTRO,MADEIRA,20.8,4.85,1.5,1.8,180,10,1,50,7,1,15,45,3,18.0,350.0
SANTAREM - CACHOEIRA DO ARUA,PASSAGEIRO/CARGA GERAL,MADEIRA,18.0,3.95,1.0,1.4,160,10,1,20,4,1,45,17,3,10.0,200.0
ICOARACI - COTIJUBA,PASSAGEIRO,MADEIRA,14.0,3.0,0.7,1.1,150,14,1,29,7,1,60,0,2,0.8,50.0
SANTAREM - ITAITUBA,LANCHA,ALUMINIO,33.0,4.3,1.0,1.6,800,25,1,35,7,1,112,0,3,4.0,600.0
SANTANA - VITORIA DO XINGU,PASSAGEIRO/CARGA GERAL,MADEIRA,21.0,5.8,1.5,2.1,190,16,2,40,6,3,98,34,7,20.0,500.0
MANAUS - CACAU PEREIRA,PASSAGEIRO,ALUMINIO,13.51,2.6,1.5,1.9,294,15,1,12,18,2,40,10,1,0.5,10.0
MANAUS - CAREIRO DA VARZEA,LANCHA,ALUMINIO,20.0,3.8,1.45,2.05,420,30,1,35,7,0,65,0,2,2.0,150.0
CAMETA - TUCURUI,LANCHA,ALUMINIO,17.0,2.8,0.6,0.9,608,30,1,35,7,0,80,0,4,6.0,350.0
SANTAREM - ARAPIUNS,PASSAGEIRO/CARGA GERAL,MADEIRA,15.8,4.3,1.2,1.2,200,15,1,20,4,1,30,17,2,10.0,350.0
ICOARACI - COTIJUBA,PASSAGEIRO,MADEIRA,18.0,3.0,0.8,1.0,160,16,1,45,12,1,65,0,2,0.8,45.0
SANTAREM - SANTANA DO TAPARA,PASSAGEIRO/CARGA GERAL,MADEIRA,21.7,5.5,1.7,2.0,200,10,1,60,12,2,89,60,4,3.0,150.0
MANAUS - MANAQUIRI,LANCHA,ALUMINIO,20.0,3.0,1.0,1.4,600,25,1,39,8,1,63,0,4,2.0,280.0
SANTAREM - ORIXIMINA,PASSAGEIRO/CARGA GERAL,ACO NAVAL,37.0,8.0,1.1,1.3,250,12,1,250,50,3,308,208,6,8.0,700.0
TUCURUI - BAIAO,PASSAGEIRO/CARGA GERAL,MADEIRA,18.0,4.0,1.7,2.3,190,17,1,50,10,1,80,40,3,5.5,300.0
BELEM - BARCARENA,PASSAGEIRO,MADEIRA,18.78,4.8,0.66,1.0,240,13,2,20,5,2,115,0,3,0.7,70.0
BELEM - CAMARA,PASSAGEIRO/CARGA GERAL,ACO NAVAL,43.0,8.5,2.5,2.8,367,13,2,25,4,2,600,0,4,1.5,600.0
MANAUS - CAREIRO DA VARZEA,LANCHA,ALUMINIO,17.0,3.5,0.9,1.5,410,25,1,35,7,0,60,0,2,2.0,150.0
ITAITUBA - AVEIRO,PASSAGEIRO/CARGA GERAL,MADEIRA,18.0,4.2,1.0,1.3,200,15,1,20,4,1,35,20,3,7.0,150.0
CURRALINHO - OEIRAS DO PARA,LANCHA,ALUMINIO,22.0,4.5,0.7,2.0,2240,24,2,18,5,1,96,5,3,0.8,60.0
ICOARACI - COTIJUBA,PASSAGEIRO,MADEIRA,14.69,2.9,0.6,1.4,220,14,1,29,7,0,69,0,3,0.8,25.0
ICOARACI - COTIJUBA,PASSAGEIRO,MADEIRA,24.0,4.8,1.17,1.3,180,12,1,29,7,1,120,0,3,0.8,50.0
MANAUS - CAREIRO DA VARZEA,LANCHA,ALUMINIO,19.0,4.3,1.0,1.5,390,23,1,35,7,0,60,0,2,2.0,150.0
MANAUS - MANACAPURU,PASSAGEIRO,MADEIRA,20.0,4.5,0.99,1.0,114,12,1,29,7,1,30,15,3,10.0,400.0
MANAUS - ANORI,PASSAGEIRO/CARGA GERAL,MADEIRA,25.0,6.0,2.5,2.8,350,12,1,53,12,2,80,40,3,20.0,400.0
MANAUS - MAUES,PASSAGEIRO/CARGA GERAL,ACO NAVAL,45.0,10.0,2.69,3.26,915,12,1,950,180,1,452,800,7,13.0,500.0
MANAUS - AUTAZES,PASSAGEIRO/CARGA GERAL,ACO NAVAL,38.0,7.3,1.65,2.0,412,20,1,169,30,2,97,150,5,9.0,400.0
MANAUS - CAREIRO DA VARZEA,LANCHA,ALUMINIO,20.0,3.7,1.0,1.7,350,26,1,35,7,0,65,0,2,2.0,150.0
JURUTI - JURUTI VELHO,PASSAGEIRO/CARGA GERAL,MADEIRA,18.0,4.9,1.0,1.4,114,10,1,18,5,1,40,20,3,4.0,60.0
SANTAREM - FARO,PASSAGEIRO/CARGA GERAL,MADEIRA,50.0,11.5,1.7,2.1,400,12,2,490,90,2,350,410,10,20.0,450.0
MANAUS - URUCURITUBA,PASSAGEIRO/CARGA GERAL,MADEIRA,24.0,7.0,1.0,1.7,190,10,3,115,23,3,85,95,4,9.0,610.0
MANAUS - CAREIRO DA VARZEA,LANCHA,ALUMINIO,19.0,3.9,1.4,2.0,400,30,1,35,7,0,70,0,2,2.0,150.0
MANAUS - ITACOATIARA,PASSAGEIRO/CARGA GERAL,MADEIRA,24.0,6.6,1.8,2.2,360,12,1,115,20,1,78,90,4,12.0,300.0
BELEM - CURRALINHO,PASSAGEIRO/CARGA GERAL,MADEIRA,14.3,3.28,0.8,1.6,114,12,1,40,10,1,60,30,3,10.0,400.0
BELEM - ACARA,PASSAGEIRO/CARGA GERAL,MADEIRA,20.0,4.0,2.0,3.0,114,12,1,40,12,0,37,40,3,3.0,60.0
HUMAITA - MANICORE,PASSAGEIRO/CARGA GERAL,MADEIRA,26.0,6.8,2.2,2.45,450,14,1,190,40,1,116,160,6,20.0,600.0
SANTAREM - MONTE ALEGRE,PASSAGEIRO/CARGA GERAL,MADEIRA,30.2,6.92,1.82,2.44,420,14,2,154,35,2,128,120,3,5.0,200.0
BELEM - BOA VISTA DO ACARA,PASSAGEIRO,MADEIRA,14.0,3.0,0.8,1.0,136,10,1,15,5,0,40,8,2,0.7,7.0
BELEM - LIMOEIRO DO AJURU,PASSAGEIRO/CARGA GERAL,MADEIRA,23.0,5.25,1.8,1.9,180,26,1,120,20,1,90,110,4,6.0,200.0
ABAETETUBA - MUANA,PASSAGEIRO/CARGA GERAL,MADEIRA,22.5,5.4,1.0,1.8,357,12,1,55,11,1,85,45,3,3.5,100.0
MANAUS - CAAPIRANGA,PASSAGEIRO/CARGA GERAL,MADEIRA,23.0,5.5,1.5,2.5,160,12,1,54,10,1,40,40,3,13.0,350.0
MANAUS - CURARI,PASSAGEIRO/CARGA GERAL,MADEIRA,16.0,4.5,1.2,1.9,114,12,1,18,4,1,32,16,2,2.5,180.0
ICOARACI - CAMARA,FERRY BOAT,ACO NAVAL,66.0,12.0,2.2,4.75,700,12,2,900,165,2,446,790,6,2.5,600.0
MANAUS - CAREIRO DA VARZEA,LANCHA,ALUMINIO,15.0,3.6,1.5,2.1,460,25,1,35,7,0,50,0,2,2.0,150.0
ICOARACI - COTIJUBA,PASSAGEIRO,MADEIRA,16.9,3.6,0.75,1.0,125,12,1,23,6,1,66,0,3,0.8,20.0
MACAPA - CHAVES,PASSAGEIRO/CARGA GERAL,MADEIRA,18.5,5.4,1.3,1.6,190,12,2,52,10,1,100,40,6,7.0,8.0
BELEM - ACARA NOVO,PASSAGEIRO,MADEIRA,10.0,2.5,0.8,1.0,350,12,1,15,5,0,10,0,2,2.5,12.0
JURUTI - OBIDOS,PASSAGEIRO/CARGA GERAL,MADEIRA,18.0,5.0,1.2,2.0,160,11,1,15,4,1,38,15,2,6.0,60.0
MACAPA - BAILIQUE,PASSAGEIRO/CARGA GERAL,MADEIRA,22.0,5.8,1.8,2.2,270,10,1,40,10,2,57,35,4,12.0,250.0
BELEM - BREVES,OUTRO,MADEIRA,23.0,5.0,2.2,3.0,114,12,1,80,10,1,15,70,4,18.0,200.0
MACAPA - BAILIQUE,PASSAGEIRO/CARGA GERAL,ACO NAVAL,23.4,6.65,1.55,2.5,270,25,1,93,20,2,123,80,3,12.0,250.0
BREVES - PORTEL,LANCHA,ALUMINIO,22.0,5.5,2.5,3.3,240,23,1,90,20,1,93,70,8,2.5,90.0
MANAUS - CODAJAS,PASSAGEIRO/CARGA GERAL,MADEIRA,26.0,6.5,2.0,3.0,377,17,1,120,22,1,90,90,4,24.0,600.0
ICOARACI - COTIJUBA,PASSAGEIRO,MADEIRA,14.0,3.1,1.2,1.5,200,16,1,20,5,1,80,0,2,0.8,50.0
SANTAREM - VILA BOIM,PASSAGEIRO/CARGA GERAL,MADEIRA,23.0,4.3,1.6,2.4,200,15,1,109,21,2,90,47,4,8.0,300.0
VITORIA DO XINGU - PORTO DE MOZ,LANCHA,ALUMINIO,24.0,7.0,1.4,1.8,400,20,1,35,7,1,72,0,5,3.0,300.0
TERRA SANTA - PARINTINS,LANCHA,ALUMINIO,12.7,2.6,0.63,1.0,500,25,1,35,7,1,43,0,3,2.5,120.0
MANAUS - NOVA OLINDA DO NORTE,PASSAGEIRO/CARGA GERAL,MADEIRA,24.0,6.0,1.2,1.9,940,13,2,100,18,1,88,80,4,12.0,300.0
MANAUS - MANAQUIRI,PASSAGEIRO/CARGA GERAL,MADEIRA,19.0,5.3,1.8,2.8,200,10,2,32,6,2,65,25,3,7.0,300.0
BELEM - MUANA,FERRY BOAT,ACO NAVAL,41.0,9.0,1.8,2.0,420,12,2,360,72,2,315,298,4,5.0,500.0
BELEM - BOA VISTA DO ACARA,PASSAGEIRO,MADEIRA,12.0,2.65,0.75,1.0,170,12,2,12,5,1,40,8,2,0.5,5.0
ICOARACI - COTIJUBA,PASSAGEIRO/CARGA GERAL,MADEIRA,12.35,2.48,0.65,0.86,170,14,1,22,7,0,46,0,2,0.8,20.0
MANAUS - MAMORI,PASSAGEIRO/CARGA GERAL,MADEIRA,19.0,5.0,1.3,2.0,140,15,2,29,6,1,50,25,3,7.0,420.0
MANAUS - CAREIRO DA VARZEA,LANCHA,ALUMINIO,20.0,4.1,1.0,1.6,380,30,1,35,7,0,55,0,2,2.0,150.0
SANTAREM - SURUACA,PASSAGEIRO/CARGA GERAL,MADEIRA,17.75,4.42,1.0,1.33,750,15,1,23,4,1,36,20,5,6.0,220.0
ITAITUBA - AVEIRO,PASSAGEIRO/CARGA GERAL,MADEIRA,20.0,4.0,1.2,1.4,280,15,1,20,4,1,45,20,3,8.0,160.0
MACAPA - CHAVES,PASSAGEIRO/CARGA GERAL,MADEIRA,16.0,4.0,0.9,1.3,200,14,2,12,4,1,40,10,3,8.0,250.0
SANTAREM - ALMEIRIM,PASSAGEIRO/CARGA GERAL,ACO NAVAL,39.0,8.0,1.15,2.6,600,10,2,420,80,2,352,350,8,7.0,500.0
SANTANA - BREVES,FERRY BOAT,ACO NAVAL,37.0,9.0,1.6,2.0,315,12,2,185,30,2,229,156,9,12.0,300.0
PARINTINS - URUCARA,PASSAGEIRO/CARGA GERAL,MADEIRA,23.0,6.2,1.7,2.1,315,10,3,109,21,1,76,60,3,12.0,600.0
ICOARACI - CAMARA,FERRY BOAT,ACO NAVAL,76.0,16.0,2.8,2.8,932,15,2,1410,250,2,1120,1240,5,3.0,400.0
SANTAREM - ALENQUER,PASSAGEIRO/CARGA GERAL,MADEIRA,30.0,7.2,2.1,2.73,373,13,1,120,25,2,180,100,6,5.0,150.0
ANAJAS - BREVES,PASSAGEIRO/CARGA GERAL,MADEIRA,26.0,6.3,1.9,2.8,290,12,1,95,18,2,90,90,6,15.0,300.0
TERRA SANTA - JURUTI,PASSAGEIRO/CARGA GERAL,MADEIRA,18.0,4.1,0.9,1.2,160,10,1,109,21,1,28,25,3,4.5,75.0
MELGACO - BREVES,LANCHA,ALUMINIO,19.25,4.3,1.3,1.8,420,23,1,30,5,1,60,0,2,0.8,70.0
BELEM - CHAVES,PASSAGEIRO/CARGA GERAL,MADEIRA,14.0,3.7,1.5,1.8,230,12,1,25,8,1,45,20,4,24.0,300.0
MANAUS - CODAJAS,PASSAGEIRO/CARGA GERAL,MADEIRA,26.66,10.6,1.8,2.2,160,9,1,88,16,1,76,78,4,24.0,450.0
MANAUS - NOVA OLINDA DO NORTE,PASSAGEIRO/CARGA GERAL,MADEIRA,28.0,7.0,1.7,2.2,420,9,2,95,20,1,92,70,5,11.0,600.0
TABATINGA - BENJAMIN CONSTANT,CHATA,FIBRA,8.0,1.8,0.6,1.0,200,40,1,11,3,1,18,8,1,0.5,40.0
MANAUS - ANORI,PASSAGEIRO/CARGA GERAL,MADEIRA,22.0,7.0,1.9,2.8,160,10,1,48,8,2,70,40,4,20.0,500.0
JURUTI - JURUTI VELHO,PASSAGEIRO/CARGA GERAL,MADEIRA,17.7,4.5,0.8,1.1,610,15,1,18,5,1,30,15,3,3.0,50.0
MACAPA - PORTEL,PASSAGEIRO/CARGA GERAL,MADEIRA,24.0,5.7,1.7,2.1,220,10,2,87,15,2,97,80,4,15.0,600.0
ANAJAS - BREVES,PASSAGEIRO/CARGA GERAL,MADEIRA,24.0,5.7,1.7,2.1,220,10,2,90,17,2,97,80,4,15.0,600.0
MACAPA - PORTEL,PASSAGEIRO/CARGA GERAL,MADEIRA,24.0,6.25,1.2,1.9,315,14,1,54,11,1,143,50,7,12.0,400.0
MANACAPURU - CAAPIRANGA,CHATA,MADEIRA,16.0,3.2,1.8,2.0,430,20,1,26,5,1,50,20,2,6.0,300.0
MANAUS - ITACOATIARA,PASSAGEIRO/CARGA GERAL,MADEIRA,22.15,6.3,1.5,2.3,306,12,1,98,20,2,95,80,5,18.0,550.0
TEFE - UARINI,PASSAGEIRO/CARGA GERAL,MADEIRA,22.26,5.14,1.56,1.8,170,10,3,109,21,0,60,15,2,6.0,250.0
SANTAREM - CURUA,PASSAGEIRO/CARGA GERAL,MADEIRA,20.0,6.0,1.6,2.1,500,12,1,50,12,1,70,45,4,6.0,90.0
MANAUS - CAREIRO DA VARZEA,LANCHA,ALUMINIO,21.0,3.8,1.15,1.8,390,30,1,35,7,0,45,0,2,2.0,150.0
BELEM - BARCARENA,LANCHA,ALUMINIO,20.0,3.2,0.6,1.2,450,23,1,50,10,1,60,0,3,0.7,70.0
ICOARACI - COTIJUBA,PASSAGEIRO,MADEIRA,19.0,4.2,1.3,1.7,200,12,1,25,8,1,100,0,3,0.7,20.0
BELEM - LIMOEIRO DO AJURU,PASSAGEIRO/CARGA GERAL,MADEIRA,26.0,6.1,1.64,2.0,450,12,1,60,10,1,132,60,4,8.0,250.0
MANAUS - JANAUACA,PASSAGEIRO/CARGA GERAL,MADEIRA,20.0,5.0,1.5,2.0,200,12,1,58,10,1,65,50,3,4.0,75.0
BELEM - SAO FRANCISCO,LANCHA,ACO NAVAL,18.0,4.0,1.7,2.0,400,18,1,21,6,1,105,0,3,0.8,100.0
MANAUS - NOVA OLINDA DO NORTE,PASSAGEIRO/CARGA GERAL,MADEIRA,25.0,8.0,2.0,2.5,477,13,1,96,18,2,105,80,6,12.0,400.0
MANAUS - RIO PRETO DA EVA,PASSAGEIRO/CARGA GERAL,MADEIRA,20.0,6.0,1.3,2.1,250,10,2,86,17,1,60,70,5,10.0,500.0
TEFE - UARINI,PASSAGEIRO/CARGA GERAL,MADEIRA,14.0,3.0,1.0,1.3,200,10,1,109,21,1,28,0,2,6.0,250.0
MANAUS - CAREIRO DA VARZEA,LANCHA,ALUMINIO,18.0,3.9,1.0,1.55,500,25,1,35,7,0,45,0,2,2.0,150.0
MACAPA - CHAVES,PASSAGEIRO/CARGA GERAL,MADEIRA,18.5,4.0,1.5,2.4,190,12,1,38,7,3,60,30,3,7.0,250.0
ITACOATIARA - URUCURITUBA,PASSAGEIRO/CARGA GERAL,MADEIRA,25.0,5.0,1.5,2.0,114,12,1,37,10,1,65,30,2,6.0,400.0
MANAUS - CAREIRO DA VARZEA,LANCHA,ALUMINIO,20.0,3.6,1.25,1.85,500,30,1,35,7,0,60,0,2,2.0,150.0
MACAPA - CHAVES,PASSAGEIRO/CARGA GERAL,MADEIRA,17.0,3.0,1.5,1.9,200,12,1,18,4,1,35,14,3,5.0,500.0
ALENQUER - CURUA,PASSAGEIRO/CARGA GERAL,MADEIRA,16.0,3.7,1.1,14.0,350,12,1,109,21,1,30,15,2,3.0,40.0
TEFE - MARAA,PASSAGEIRO/CARGA GERAL,ACO NAVAL,27.0,6.5,1.6,2.0,170,16,1,110,25,1,140,83,6,22.0,600.0
TEFE - MARAA,PASSAGEIRO/CARGA GERAL,ACO NAVAL,30.0,8.0,1.35,1.7,280,18,1,77,18,1,215,60,7,22.0,600.0
CURRALINHO - OEIRAS DO PARA,LANCHA,ALUMINIO,12.0,3.0,0.9,1.3,350,20,1,25,5,1,40,0,2,0.4,30.0
BELEM - SAO FRANCISCO,LANCHA,ALUMINIO,19.0,3.0,1.3,1.3,350,25,2,30,7,1,90,0,3,0.8,80.0
CURRALINHO - BREVES,LANCHA,ALUMINIO,22.0,3.0,0.6,2.0,290,23,2,16,4,1,96,10,3,3.0,200.0
SANTAREM - ITAITUBA,LANCHA,ALUMINIO,25.6,4.3,1.0,1.4,600,25,1,35,7,1,92,0,3,5.0,700.0
CAMETA - MOCAJUBA,LANCHA,ALUMINIO,21.0,3.0,0.6,0.9,240,25,1,35,7,0,90,0,3,1.3,200.0
BOA VISTA DO RAMOS - MAUES,PASSAGEIRO/CARGA GERAL,MADEIRA,16.0,3.2,1.2,1.8,114,12,2,18,4,1,30,15,2,5.0,60.0
ABAETETUBA - MUANA,PASSAGEIRO/CARGA GERAL,ACO NAVAL,29.0,7.0,1.0,1.5,360,12,1,55,12,1,60,50,5,3.0,100.0
SANTAREM - SANTANA DO TAPARA,LANCHA,ALUMINIO,25.4,2.7,1.0,1.2,1400,26,1,35,7,1,99,0,3,3.0,450.0
BELEM - SAO SEBASTIAO DA BOA VISTA,PASSAGEIRO/CARGA GERAL,ACO NAVAL,35.0,8.5,1.7,2.0,550,14,2,310,60,2,204,284,4,7.0,600.0
SANTAREM - MONTE ALEGRE,PASSAGEIRO/CARGA GERAL,MADEIRA,28.99,7.25,1.3,2.3,420,10,2,160,35,2,130,100,7,5.0,400.0
SANTAREM - ALENQUER,PASSAGEIRO/CARGA GERAL,MADEIRA,31.8,6.9,1.6,1.9,315,15,1,140,25,2,195,120,4,5.0,200.0
MACAPA - AFUA,LANCHA,ALUMINIO,23.0,4.1,1.3,1.9,350,22,1,38,8,1,90,0,3,2.0,600.0
MACAPA - AFUA,CATAMARA PASSAGEIRO,ALUMINIO,20.0,4.2,1.0,1.32,260,25,1,29,6,1,94,0,5,2.7,400.0
MACAPA - AFUA,PASSAGEIRO/CARGA GERAL,ACO NAVAL,38.5,8.0,1.7,2.55,954,15,2,210,45,1,300,199,6,40.0,400.0
ICOARACI - COTIJUBA,PASSAGEIRO,MADEIRA,16.14,2.94,0.9,1.2,190,14,1,55,11,0,43,0,3,0.8,20.0
HUMAITA - MANICORE,PASSAGEIRO/CARGA GERAL,MADEIRA,20.7,5.6,1.2,1.68,240,12,1,44,7,2,75,36,4,20.0,500.0
HUMAITA - MANICORE,PASSAGEIRO/CARGA GERAL,MADEIRA,21.4,6.3,1.89,2.01,315,14,1,65,10,2,107,52,7,20.0,600.0
ORIXIMINA - PORTO TROMBETAS,PASSAGEIRO/CARGA GERAL,MADEIRA,22.0,5.8,1.9,2.4,180,12,2,60,15,1,50,50,4,4.0,250.0
MANAUS - CAREIRO DA VARZEA,LANCHA,ALUMINIO,20.0,4.0,1.15,1.75,380,30,1,35,7,0,45,0,2,2.0,150.0
MANAUS - CAREIRO DA VARZEA,LANCHA,ALUMINIO,20.0,4.1,1.2,1.8,460,30,1,35,7,0,50,0,2,2.0,150.0
MANAUS - CAAPIRANGA,PASSAGEIRO/CARGA GERAL,MADEIRA,21.5,6.75,1.5,2.2,250,12,2,40,6,1,40,30,4,15.0,400.0
MANAUS - CAREIRO DA VARZEA,LANCHA,ALUMINIO,20.0,4.0,1.0,1.55,500,27,1,35,7,0,60,0,2,2.0,150.0
SANTAREM - ALENQUER,PASSAGEIRO/CARGA GERAL,MADEIRA,27.0,6.0,2.0,2.4,315,10,2,96,14,1,107,80,5,2.0,160.0
BREVES - PORTEL,PASSAGEIRO,ALUMINIO,19.7,3.2,0.45,2.7,420,19,1,24,7,1,57,0,2,1.8,150.0
MANAUS - CAREIRO DA VARZEA,LANCHA,ALUMINIO,20.0,3.8,1.5,2.1,420,25,1,35,7,0,65,0,2,2.0,150.0
BELEM - PONTA DE PEDRAS,OUTRO,MADEIRA,18.0,4.2,2.5,3.2,135,25,1,40,10,1,20,30,3,4.0,75.0
